class_id,score,classid,classname,classstarttime,classendtime,classteacher,classlocation,classcost,classtotalstudent,classadddate,classavailable,classtag,is_available,start_hour,time_of_day_token,class_duration_mins,duration_token,teacher_token,location_clean,location_token,classcost_numeric,cost_tier_token,cost_weight,content
100,8.11495939514107,100,K-FIT,18:15,19:15,C,Studio 2,10,20,10/18/2023,yes,class08,1,18,time_evening,60,short_duration,teacher_c,studio_2,location_studio_2,10,cost_standard,1.625,K-FIT class08 teacher_c location_studio_2 time_evening short_duration cost_standard
101,12.710574550977064,101,K-FIT,18:15,19:15,C,Studio 2,10,20,10/25/2023,yes,class08,1,18,time_evening,60,short_duration,teacher_c,studio_2,location_studio_2,10,cost_standard,1.625,K-FIT class08 teacher_c location_studio_2 time_evening short_duration cost_standard
102,6.09121645864576,102,C: CHOREOGRAPHY,19:30,21:00,C,Studio 2,12,30,10/20/2023,yes,class07,1,19,time_evening,90,medium_duration,teacher_c,studio_2,location_studio_2,12,cost_standard,1.75,C: CHOREOGRAPHY class07 teacher_c location_studio_2 time_evening medium_duration cost_standard
103,17.243759297830433,103,A: CHOREOGRAPHY,19:30,21:00,A,Studio 2,12,30,10/19/2023,yes,class07,1,19,time_evening,90,medium_duration,teacher_a,studio_2,location_studio_2,12,cost_standard,1.75,A: CHOREOGRAPHY class07 teacher_a location_studio_2 time_evening medium_duration cost_standard
105,17.636204283514303,105,STRAY KIDS | HALL OF FAME,19:30,21:30,A,Studio 2,16,30,10/18/2023,yes,class03,1,19,time_evening,120,medium_duration,teacher_a,studio_2,location_studio_2,16,cost_premium,2.0,STRAY KIDS | HALL OF FAME class03 teacher_a location_studio_2 time_evening medium_duration cost_premium
106,12.166083952443145,106,BLACKPINK | PARTITION,15:30,17:30,C,Studio 2,16,30,10/21/2023,yes,class03,1,15,time_afternoon,120,medium_duration,teacher_c,studio_2,location_studio_2,16,cost_premium,2.0,BLACKPINK | PARTITION class03 teacher_c location_studio_2 time_afternoon medium_duration cost_premium
109,7.996683355343405,109,LEE CHAEYEON | LET'S DANCE,15:30,17:30,D,Studio 2,16,30,10/22/2023,yes,class03,1,15,time_afternoon,120,medium_duration,teacher_d,studio_2,location_studio_2,16,cost_premium,2.0,LEE CHAEYEON | LET'S DANCE class03 teacher_d location_studio_2 time_afternoon medium_duration cost_premium
110,17.297844600895324,110,IVE | BADDIE,15:30,17:30,C,Studio 2,16,30,10/28/2023,yes,class03,1,15,time_afternoon,120,medium_duration,teacher_c,studio_2,location_studio_2,16,cost_premium,2.0,IVE | BADDIE class03 teacher_c location_studio_2 time_afternoon medium_duration cost_premium
111,38.364683674415645,111,NCT 127 | FACT CHECK,13:00,15:00,A,Studio 2,16,30,10/29/2023,yes,class03,1,13,time_afternoon,120,medium_duration,teacher_a,studio_2,location_studio_2,16,cost_premium,2.0,NCT 127 | FACT CHECK class03 teacher_a location_studio_2 time_afternoon medium_duration cost_premium
114,1.0138621737462592,114,K-FIT,18:15,19:15,C,Studio 2,10,20,11/1/2023,yes,class08,1,18,time_evening,60,short_duration,teacher_c,studio_2,location_studio_2,10,cost_standard,1.625,K-FIT class08 teacher_c location_studio_2 time_evening short_duration cost_standard
115,6.744736002133785,115,K-FIT,12:00,13:00,C,Studio 2,10,20,11/1/2023,yes,class08,1,12,time_afternoon,60,short_duration,teacher_c,studio_2,location_studio_2,10,cost_standard,1.625,K-FIT class08 teacher_c location_studio_2 time_afternoon short_duration cost_standard
116,5.9404973399853125,116,C : CHOREOGRAPHY,19:30,21:00,C,Studio 2,12,30,10/27/2023,yes,class07,1,19,time_evening,90,medium_duration,teacher_c,studio_2,location_studio_2,12,cost_standard,1.75,C : CHOREOGRAPHY class07 teacher_c location_studio_2 time_evening medium_duration cost_standard
117,24.36218993664637,117,JENNIE | YOU & ME,13:00,15:00,B,Studio 2,16,30,10/22/2023,yes,class03,1,13,time_afternoon,120,medium_duration,teacher_b,studio_2,location_studio_2,16,cost_premium,2.0,JENNIE | YOU & ME class03 teacher_b location_studio_2 time_afternoon medium_duration cost_premium
118,12.138240216374518,118,TXT | CHASING THAT FEELING,13:00,15:00,D,Studio 2,16,30,10/28/2023,yes,class03,1,13,time_afternoon,120,medium_duration,teacher_d,studio_2,location_studio_2,16,cost_premium,2.0,TXT | CHASING THAT FEELING class03 teacher_d location_studio_2 time_afternoon medium_duration cost_premium
119,14.675155193599618,119,XG | PUPPET SHOW,19:30,21:30,D,Studio 2,16,30,10/25/2023,yes,class03,1,19,time_evening,120,medium_duration,teacher_d,studio_2,location_studio_2,16,cost_premium,2.0,XG | PUPPET SHOW class03 teacher_d location_studio_2 time_evening medium_duration cost_premium
120,3.9378179540794953,120,K-FIT,12:00,13:00,C,Studio 1,10,20,11/8/2023,yes,class08,1,12,time_afternoon,60,short_duration,teacher_c,studio_1,location_studio_1,10,cost_standard,1.625,K-FIT class08 teacher_c location_studio_1 time_afternoon short_duration cost_standard
121,9.121498683212943,121,K-FIT,18:15,19:15,C,Studio 2,10,20,11/8/2023,yes,class08,1,18,time_evening,60,short_duration,teacher_c,studio_2,location_studio_2,10,cost_standard,1.625,K-FIT class08 teacher_c location_studio_2 time_evening short_duration cost_standard
122,39.6815966555405,122,HALLOWEEN OPEN STUDIO EVENT,15:30,19:00,F,Studio 1 & 2,5,30,10/29/2023,yes,class01,1,15,time_afternoon,210,long_duration,teacher_f,studio_1_and_2,location_studio_1_and_2,5,cost_budget,1.3125,HALLOWEEN OPEN STUDIO EVENT class01 teacher_f location_studio_1_and_2 time_afternoon long_duration cost_budget
124,6.605864268050361,124,BLACKPINK | SHUT DOWN,13:00,15:00,C,Studio 1,16,30,10/29/2023,yes,class03,1,13,time_afternoon,120,medium_duration,teacher_c,studio_1,location_studio_1,16,cost_premium,2.0,BLACKPINK | SHUT DOWN class03 teacher_c location_studio_1 time_afternoon medium_duration cost_premium
125,8.132374169577725,125,ZEROBASEONE | NEW KIDZ ON THE BLOCK,19:30,21:30,A,Studio 2,16,30,11/1/2023,yes,class03,1,19,time_evening,120,medium_duration,teacher_a,studio_2,location_studio_2,16,cost_premium,2.0,ZEROBASEONE | NEW KIDZ ON THE BLOCK class03 teacher_a location_studio_2 time_evening medium_duration cost_premium
126,15.685599916670737,126,IVE | OFF THE RECORD,13:00,15:00,B,Studio 2,16,30,11/4/2023,yes,class03,1,13,time_afternoon,120,medium_duration,teacher_b,studio_2,location_studio_2,16,cost_premium,2.0,IVE | OFF THE RECORD class03 teacher_b location_studio_2 time_afternoon medium_duration cost_premium
127,7.077999546757955,127,NCT NEW TEAM | HANDS UP,15:30,17:30,D,Studio 2,16,30,11/4/2023,yes,class03,1,15,time_afternoon,120,medium_duration,teacher_d,studio_2,location_studio_2,16,cost_premium,2.0,NCT NEW TEAM | HANDS UP class03 teacher_d location_studio_2 time_afternoon medium_duration cost_premium
128,13.147564352845409,128,SEVENTEEN | CRUSH,13:00,15:00,A,Studio 2,16,30,11/5/2023,yes,class03,1,13,time_afternoon,120,medium_duration,teacher_a,studio_2,location_studio_2,16,cost_premium,2.0,SEVENTEEN | CRUSH class03 teacher_a location_studio_2 time_afternoon medium_duration cost_premium
129,12.056344827610644,129,ITZY | KILL SHOT,15:30,17:30,B,Studio 2,16,30,11/5/2023,yes,class03,1,15,time_afternoon,120,medium_duration,teacher_b,studio_2,location_studio_2,16,cost_premium,2.0,ITZY | KILL SHOT class03 teacher_b location_studio_2 time_afternoon medium_duration cost_premium
130,5.340069394614167,130,NCT 127 | PARADE,13:00,15:00,B,Studio 2,16,30,11/11/2023,yes,class03,1,13,time_afternoon,120,medium_duration,teacher_b,studio_2,location_studio_2,16,cost_premium,2.0,NCT 127 | PARADE class03 teacher_b location_studio_2 time_afternoon medium_duration cost_premium
131,38.091077468855715,131,NEW JEANS | DITTO,15:30,17:30,C,Studio 2,16,30,11/11/2023,yes,class03,1,15,time_afternoon,120,medium_duration,teacher_c,studio_2,location_studio_2,16,cost_premium,2.0,NEW JEANS | DITTO class03 teacher_c location_studio_2 time_afternoon medium_duration cost_premium
132,35.76259601924418,132,BLACKPINK | PINK VENOM,13:00,14:15,C,Studio 1,10,20,11/11/2023,yes,class02,1,13,time_afternoon,75,medium_duration,teacher_c,studio_1,location_studio_1,10,cost_standard,1.625,BLACKPINK | PINK VENOM class02 teacher_c location_studio_1 time_afternoon medium_duration cost_standard
133,22.808310352063607,133,SEVENTEEN | GOD OF MUSIC,13:00,15:00,A,Studio 2,16,30,11/12/2023,yes,class03,1,13,time_afternoon,120,medium_duration,teacher_a,studio_2,location_studio_2,16,cost_premium,2.0,SEVENTEEN | GOD OF MUSIC class03 teacher_a location_studio_2 time_afternoon medium_duration cost_premium
134,9.131819569045708,134,BLACKPINK | 16 SHOTS,15:30,17:30,C,Studio 2,16,30,11/12/2023,yes,class03,1,15,time_afternoon,120,medium_duration,teacher_c,studio_2,location_studio_2,16,cost_premium,2.0,BLACKPINK | 16 SHOTS class03 teacher_c location_studio_2 time_afternoon medium_duration cost_premium
136,2.031729556090122,136,K-FIT | BTS,18:15,19:15,C,Studio 2,10,30,11/22/2023,yes,class08,1,18,time_evening,60,short_duration,teacher_c,studio_2,location_studio_2,10,cost_standard,1.625,K-FIT | BTS class08 teacher_c location_studio_2 time_evening short_duration cost_standard
137,1.848127258503415,137,K-FIT | IVE & LE SSERAFIM,12:00,13:00,C,Studio 1,10,20,11/15/2023,yes,class08,1,12,time_afternoon,60,short_duration,teacher_c,studio_1,location_studio_1,10,cost_standard,1.625,K-FIT | IVE & LE SSERAFIM class08 teacher_c location_studio_1 time_afternoon short_duration cost_standard
138,5.107740988132539,138,K-FIT | IVE & LE SSERAFIM,18:15,19:15,C,Studio 2,10,30,11/15/2023,yes,class08,1,18,time_evening,60,short_duration,teacher_c,studio_2,location_studio_2,10,cost_standard,1.625,K-FIT | IVE & LE SSERAFIM class08 teacher_c location_studio_2 time_evening short_duration cost_standard
139,21.71739839486272,139,IVE | LOVE DIVE,13:00,14:15,C,Studio 1,10,20,11/18/2023,yes,class02,1,13,time_afternoon,75,medium_duration,teacher_c,studio_1,location_studio_1,10,cost_standard,1.625,IVE | LOVE DIVE class02 teacher_c location_studio_1 time_afternoon medium_duration cost_standard
140,16.605376840899062,140,JENNIE | SOLO,13:00,14:15,C,Studio 1,10,30,11/25/2023,yes,class02,1,13,time_afternoon,75,medium_duration,teacher_c,studio_1,location_studio_1,10,cost_standard,1.625,JENNIE | SOLO class02 teacher_c location_studio_1 time_afternoon medium_duration cost_standard
141,35.54045330610947,141,LE SSERAFIM | PERFECT NIGHT,13:00,15:00,D,Studio 2,16,30,11/18/2023,yes,class03,1,13,time_afternoon,120,medium_duration,teacher_d,studio_2,location_studio_2,16,cost_premium,2.0,LE SSERAFIM | PERFECT NIGHT class03 teacher_d location_studio_2 time_afternoon medium_duration cost_premium
142,6.0409330129494805,142,RIIZE - TALK SAXY,19:30,21:30,A,Studio 2,16,30,11/8/2023,yes,class03,1,19,time_evening,120,medium_duration,teacher_a,studio_2,location_studio_2,16,cost_premium,2.0,RIIZE - TALK SAXY class03 teacher_a location_studio_2 time_evening medium_duration cost_premium
143,14.921557346455861,143,A: CHOREO | JUNGKOOK - Please don't change,19:30,21:00,A,Studio 2,12,30,11/16/2023,yes,class07,1,19,time_evening,90,medium_duration,teacher_a,studio_2,location_studio_2,12,cost_standard,1.75,A: CHOREO | JUNGKOOK - Please don't change class07 teacher_a location_studio_2 time_evening medium_duration cost_standard
145,4.0510583869193875,145,K-FIT | IVE & LE SSERAFIM,11:00,12:00,C,Studio 2,10,20,11/18/2023,yes,class08,1,11,time_morning,60,short_duration,teacher_c,studio_2,location_studio_2,10,cost_standard,1.625,K-FIT | IVE & LE SSERAFIM class08 teacher_c location_studio_2 time_morning short_duration cost_standard
146,12.0634269627882,146,C'S CHOREO | Pussycat Dolls - Buttons,13:00,15:00,C,Studio 1,16,30,11/19/2023,yes,class01,1,13,time_afternoon,120,medium_duration,teacher_c,studio_1,location_studio_1,16,cost_premium,2.0,C'S CHOREO | Pussycat Dolls - Buttons class01 teacher_c location_studio_1 time_afternoon medium_duration cost_premium
147,10.109710468962355,147,TAEMIN | GUILTY,19:30,21:30,D,Studio 2,16,30,11/15/2023,yes,class03,1,19,time_evening,120,medium_duration,teacher_d,studio_2,location_studio_2,16,cost_premium,2.0,TAEMIN | GUILTY class03 teacher_d location_studio_2 time_evening medium_duration cost_premium
149,4.076407538669925,149,C : CHOREO | New Jeans - GODS,19:30,21:00,C,Studio 2,12,20,11/17/2023,yes,class07,1,19,time_evening,90,medium_duration,teacher_c,studio_2,location_studio_2,12,cost_standard,1.75,C : CHOREO | New Jeans - GODS class07 teacher_c location_studio_2 time_evening medium_duration cost_standard
150,5.085526005319165,150,C :  CHOREO | New Jeans - GODS,19:30,21:00,C,Studio 2,12,20,11/24/2023,yes,class07,1,19,time_evening,90,medium_duration,teacher_c,studio_2,location_studio_2,12,cost_standard,1.75,C : CHOREO | New Jeans - GODS class07 teacher_c location_studio_2 time_evening medium_duration cost_standard
152,28.851311280427822,152,JUNG KOOK | STANDING NEXT TO YOU,15:30,17:30,A,Studio 2,16,30,11/19/2023,yes,class03,1,15,time_afternoon,120,medium_duration,teacher_a,studio_2,location_studio_2,16,cost_premium,2.0,JUNG KOOK | STANDING NEXT TO YOU class03 teacher_a location_studio_2 time_afternoon medium_duration cost_premium
154,16.26585665533418,154,K-FIT | TWICE,18:15,19:15,C,Studio 2,10,20,11/29/2023,yes,class08,1,18,time_evening,60,short_duration,teacher_c,studio_2,location_studio_2,10,cost_standard,1.625,K-FIT | TWICE class08 teacher_c location_studio_2 time_evening short_duration cost_standard
155,6.2352232683899285,155,K-FIT | BTS,11:00,12:00,C,Studio 2,10,20,11/25/2023,yes,class08,1,11,time_morning,60,short_duration,teacher_c,studio_2,location_studio_2,10,cost_standard,1.625,K-FIT | BTS class08 teacher_c location_studio_2 time_morning short_duration cost_standard
156,53.32675942992216,156,STRAY KIDS | LALALALA,13:00,15:00,C,Studio 2,16,33,11/26/2023,yes,class03,1,13,time_afternoon,120,medium_duration,teacher_c,studio_2,location_studio_2,16,cost_premium,2.0,STRAY KIDS | LALALALA class03 teacher_c location_studio_2 time_afternoon medium_duration cost_premium
157,8.176798312027646,157,WAYV | POPPING LOVE,19:30,21:30,C,Studio 2,16,30,11/22/2023,yes,class03,1,19,time_evening,120,medium_duration,teacher_c,studio_2,location_studio_2,16,cost_premium,2.0,WAYV | POPPING LOVE class03 teacher_c location_studio_2 time_evening medium_duration cost_premium
158,11.561222440474904,158,NEW JEANS | OMG,13:00,15:00,C,Studio 2,16,30,11/19/2023,yes,class03,1,13,time_afternoon,120,medium_duration,teacher_c,studio_2,location_studio_2,16,cost_premium,2.0,NEW JEANS | OMG class03 teacher_c location_studio_2 time_afternoon medium_duration cost_premium
159,40.67978896228505,159,aespa | DRAMA,13:00,15:00,B,Studio 2,16,30,11/25/2023,yes,class03,1,13,time_afternoon,120,medium_duration,teacher_b,studio_2,location_studio_2,16,cost_premium,2.0,aespa | DRAMA class03 teacher_b location_studio_2 time_afternoon medium_duration cost_premium
162,19.69304615672476,162,ZEROBASEONE | CRUSH,19:30,21:30,D,Studio 2,16,30,11/29/2023,yes,class03,1,19,time_evening,120,medium_duration,teacher_d,studio_2,location_studio_2,16,cost_premium,2.0,ZEROBASEONE | CRUSH class03 teacher_d location_studio_2 time_evening medium_duration cost_premium
163,14.152886593908843,163,NCT 127 | CHERRY BOMB,13:00,15:00,B,Studio 2,16,30,12/2/2023,yes,class03,1,13,time_afternoon,120,medium_duration,teacher_b,studio_2,location_studio_2,16,cost_premium,2.0,NCT 127 | CHERRY BOMB class03 teacher_b location_studio_2 time_afternoon medium_duration cost_premium
164,19.968625576663054,164,BLACKPINK | HOW YOU LIKE THAT,15:30,17:30,C,Studio 2,16,30,12/2/2023,yes,class03,1,15,time_afternoon,120,medium_duration,teacher_c,studio_2,location_studio_2,16,cost_premium,2.0,BLACKPINK | HOW YOU LIKE THAT class03 teacher_c location_studio_2 time_afternoon medium_duration cost_premium
165,28.126486684342733,165,LE SSERAFIM | ANTIFRAGLE,13:00,15:00,C,Studio 2,16,30,12/3/2023,yes,class03,1,13,time_afternoon,120,medium_duration,teacher_c,studio_2,location_studio_2,16,cost_premium,2.0,LE SSERAFIM | ANTIFRAGLE class03 teacher_c location_studio_2 time_afternoon medium_duration cost_premium
167,18.983547346919746,167,WAYV | ON MY YOUTH,19:30,21:30,C,Studio 2,16,30,12/6/2023,yes,class03,1,19,time_evening,120,medium_duration,teacher_c,studio_2,location_studio_2,16,cost_premium,2.0,WAYV | ON MY YOUTH class03 teacher_c location_studio_2 time_evening medium_duration cost_premium
168,19.17636765427516,168,ENHYPEN | SWEET VENOM,13:00,15:00,B,Studio 2,16,30,12/9/2023,yes,class03,1,13,time_afternoon,120,medium_duration,teacher_b,studio_2,location_studio_2,16,cost_premium,2.0,ENHYPEN | SWEET VENOM class03 teacher_b location_studio_2 time_afternoon medium_duration cost_premium
169,15.664815561097104,169,BLACKPINK | PRETTY SAVAGE,13:00,14:15,C,Studio 1,10,20,12/9/2023,yes,class02,1,13,time_afternoon,75,medium_duration,teacher_c,studio_1,location_studio_1,10,cost_standard,1.625,BLACKPINK | PRETTY SAVAGE class02 teacher_c location_studio_1 time_afternoon medium_duration cost_standard
170,17.910144054826926,170,BTS | FIRE,15:30,17:30,D,Studio 2,16,30,12/9/2023,yes,class03,1,15,time_afternoon,120,medium_duration,teacher_d,studio_2,location_studio_2,16,cost_premium,2.0,BTS | FIRE class03 teacher_d location_studio_2 time_afternoon medium_duration cost_premium
171,21.444276194231414,171,TWICE | THE FEELS,13:00,15:00,B,Studio 2,16,30,12/10/2023,yes,class03,1,13,time_afternoon,120,medium_duration,teacher_b,studio_2,location_studio_2,16,cost_premium,2.0,TWICE | THE FEELS class03 teacher_b location_studio_2 time_afternoon medium_duration cost_premium
172,25.49391900653614,172,B.I | BTBT,15:30,17:30,D,Studio 2,16,30,12/10/2023,yes,class03,1,15,time_afternoon,120,medium_duration,teacher_d,studio_2,location_studio_2,16,cost_premium,2.0,B.I | BTBT class03 teacher_d location_studio_2 time_afternoon medium_duration cost_premium
173,10.195851389825227,173,STRAY KIDS | EX,19:30,21:30,D,Studio 2,16,30,12/13/2023,yes,class03,1,19,time_evening,120,medium_duration,teacher_d,studio_2,location_studio_2,16,cost_premium,2.0,STRAY KIDS | EX class03 teacher_d location_studio_2 time_evening medium_duration cost_premium
175,12.56243440147123,175,DINO | WAIT,15:30,17:30,D,Studio 2,16,30,1/7/2024,yes,class03,1,15,time_afternoon,120,medium_duration,teacher_d,studio_2,location_studio_2,16,cost_premium,2.0,DINO | WAIT class03 teacher_d location_studio_2 time_afternoon medium_duration cost_premium
176,15.250413306431405,176,ATEEZ | CRAZY FORM,15:30,17:30,C,Studio 2,16,30,12/17/2023,yes,class03,1,15,time_afternoon,120,medium_duration,teacher_c,studio_2,location_studio_2,16,cost_premium,2.0,ATEEZ | CRAZY FORM class03 teacher_c location_studio_2 time_afternoon medium_duration cost_premium
177,13.479098260539272,177,B.I | LOVED,19:30,21:30,D,Studio 2,16,30,12/20/2023,yes,class03,1,19,time_evening,120,medium_duration,teacher_d,studio_2,location_studio_2,16,cost_premium,2.0,B.I | LOVED class03 teacher_d location_studio_2 time_evening medium_duration cost_premium
178,16.767659627423676,178,BABYMONSTER | BATTER UP,13:00,15:00,B,Studio 2,16,30,12/17/2023,yes,class03,1,13,time_afternoon,120,medium_duration,teacher_b,studio_2,location_studio_2,16,cost_premium,2.0,BABYMONSTER | BATTER UP class03 teacher_b location_studio_2 time_afternoon medium_duration cost_premium
180,6.338182265137609,180,K-FIT | TXT x SEVENTEEN,18:15,19:15,C,Studio 2,10,30,12/6/2023,yes,class08,1,18,time_evening,60,short_duration,teacher_c,studio_2,location_studio_2,10,cost_standard,1.625,K-FIT | TXT x SEVENTEEN class08 teacher_c location_studio_2 time_evening short_duration cost_standard
181,9.214571062686575,181,K-FIT | TXT x SEVENTEEN,11:00,12:00,C,Studio 2,10,30,12/9/2023,yes,class08,1,11,time_morning,60,short_duration,teacher_c,studio_2,location_studio_2,10,cost_standard,1.625,K-FIT | TXT x SEVENTEEN class08 teacher_c location_studio_2 time_morning short_duration cost_standard
182,4.295391351828172,182,K-FIT | aespa x EVERGLOW,12:00,13:00,C,Studio 2,10,30,12/13/2023,yes,class08,1,12,time_afternoon,60,short_duration,teacher_c,studio_2,location_studio_2,10,cost_standard,1.625,K-FIT | aespa x EVERGLOW class08 teacher_c location_studio_2 time_afternoon short_duration cost_standard
183,2.8419428658015295,183,K-FIT | aespa x EVERGLOW,18:15,19:15,C,Studio 2,10,30,12/13/2023,yes,class08,1,18,time_evening,60,short_duration,teacher_c,studio_2,location_studio_2,10,cost_standard,1.625,K-FIT | aespa x EVERGLOW class08 teacher_c location_studio_2 time_evening short_duration cost_standard
184,1.8014084827797752,184,K-FIT | aespa x EVERGLOW,11:00,12:00,C,Studio 2,10,30,12/16/2023,yes,class08,1,11,time_morning,60,short_duration,teacher_c,studio_2,location_studio_2,10,cost_standard,1.625,K-FIT | aespa x EVERGLOW class08 teacher_c location_studio_2 time_morning short_duration cost_standard
185,5.28479396049446,185,K-FIT | XMAS SPECIAL,12:00,13:00,C,Studio 2,10,30,12/20/2023,yes,class08,1,12,time_afternoon,60,short_duration,teacher_c,studio_2,location_studio_2,10,cost_standard,1.625,K-FIT | XMAS SPECIAL class08 teacher_c location_studio_2 time_afternoon short_duration cost_standard
187,19.815733591047557,187,STRAY KIDS | LALALALA,13:00,14:15,C,Studio 1,10,20,12/2/2023,yes,class02,1,13,time_afternoon,75,medium_duration,teacher_c,studio_1,location_studio_1,10,cost_standard,1.625,STRAY KIDS | LALALALA class02 teacher_c location_studio_1 time_afternoon medium_duration cost_standard
188,7.3151701126493265,188,C : CHOREO,19:30,21:00,C,Studio 2,12,20,12/1/2023,yes,class07,1,19,time_evening,90,medium_duration,teacher_c,studio_2,location_studio_2,12,cost_standard,1.75,C : CHOREO class07 teacher_c location_studio_2 time_evening medium_duration cost_standard
190,24.507144098947528,190,AESPA | ILLUSION,13:00,14:15,C,Studio 1,10,20,12/16/2023,yes,class02,1,13,time_afternoon,75,medium_duration,teacher_c,studio_1,location_studio_1,10,cost_standard,1.625,AESPA | ILLUSION class02 teacher_c location_studio_1 time_afternoon medium_duration cost_standard
191,7.654213887705562,191,ITZY | LOCO,15:30,17:30,C,Studio 2,16,30,12/3/2023,yes,class03,1,15,time_afternoon,120,medium_duration,teacher_c,studio_2,location_studio_2,16,cost_premium,2.0,ITZY | LOCO class03 teacher_c location_studio_2 time_afternoon medium_duration cost_premium
193,0.9780120062593635,193,C'S CHOREO | Sexy Back (Justin Timberlake),13:00,15:00,C,Studio 1,16,20,12/10/2023,yes,class01,1,13,time_afternoon,120,medium_duration,teacher_c,studio_1,location_studio_1,16,cost_premium,2.0,C'S CHOREO | Sexy Back (Justin Timberlake) class01 teacher_c location_studio_1 time_afternoon medium_duration cost_premium
194,12.513925003375618,194,B'S CHOREO | Cravin' (Dani Leigh),13:00,14:30,B,Studio 1,12,20,1/21/2024,yes,class01,1,13,time_afternoon,90,medium_duration,teacher_b,studio_1,location_studio_1,12,cost_standard,1.75,B'S CHOREO | Cravin' (Dani Leigh) class01 teacher_b location_studio_1 time_afternoon medium_duration cost_standard
196,5.523241438963418,196,K-FIT | (G)I-DLE,18:15,19:15,C,Studio 2,10,30,1/10/2024,yes,class08,1,18,time_evening,60,short_duration,teacher_c,studio_2,location_studio_2,10,cost_standard,1.625,K-FIT | (G)I-DLE class08 teacher_c location_studio_2 time_evening short_duration cost_standard
198,13.703436812816102,198,K-FIT | (G)I-DLE,11:00,12:00,C,Studio 2,10,30,1/13/2024,yes,class08,1,11,time_morning,60,short_duration,teacher_c,studio_2,location_studio_2,10,cost_standard,1.625,K-FIT | (G)I-DLE class08 teacher_c location_studio_2 time_morning short_duration cost_standard
199,1.9228947724138117,199,K-FIT | IVE,12:00,13:00,C,Studio 2,10,30,1/17/2024,yes,class08,1,12,time_afternoon,60,short_duration,teacher_c,studio_2,location_studio_2,10,cost_standard,1.625,K-FIT | IVE class08 teacher_c location_studio_2 time_afternoon short_duration cost_standard
200,2.9937814939647973,200,K-FIT | IVE,18:15,19:15,C,Studio 2,10,30,1/17/2024,yes,class08,1,18,time_evening,60,short_duration,teacher_c,studio_2,location_studio_2,10,cost_standard,1.625,K-FIT | IVE class08 teacher_c location_studio_2 time_evening short_duration cost_standard
201,14.255762008160268,201,K-FIT | IVE,11:00,12:00,C,Studio 2,10,30,1/20/2024,yes,class08,1,11,time_morning,60,short_duration,teacher_c,studio_2,location_studio_2,10,cost_standard,1.625,K-FIT | IVE class08 teacher_c location_studio_2 time_morning short_duration cost_standard
205,11.645378232838846,205,K-FIT | ROOKIE GIRL GROUP PLAYLIST,11:00,12:00,C,Studio 2,10,30,1/6/2024,yes,class08,1,11,time_morning,60,short_duration,teacher_c,studio_2,location_studio_2,10,cost_standard,1.625,K-FIT | ROOKIE GIRL GROUP PLAYLIST class08 teacher_c location_studio_2 time_morning short_duration cost_standard
206,15.161585314484514,206,NCT DREAM | POISON,13:00,15:00,B,Studio 2,16,30,1/6/2024,yes,class03,1,13,time_afternoon,120,medium_duration,teacher_b,studio_2,location_studio_2,16,cost_premium,2.0,NCT DREAM | POISON class03 teacher_b location_studio_2 time_afternoon medium_duration cost_premium
207,24.407852433759917,207,LE SSERAFIM | UNFORGIVEN,15:30,17:30,C,Studio 2,16,30,1/13/2024,yes,class03,1,15,time_afternoon,120,medium_duration,teacher_c,studio_2,location_studio_2,16,cost_premium,2.0,LE SSERAFIM | UNFORGIVEN class03 teacher_c location_studio_2 time_afternoon medium_duration cost_premium
208,49.761576494337305,208,aespa | DRAMA,13:00,14:30,C,Studio 1,12,30,1/6/2024,yes,class02,1,13,time_afternoon,90,medium_duration,teacher_c,studio_1,location_studio_1,12,cost_standard,1.75,aespa | DRAMA class02 teacher_c location_studio_1 time_afternoon medium_duration cost_standard
209,18.56404965146771,209,ENHYPEN | STILL MONSTER,15:30,17:30,C,Studio 2,16,30,1/14/2024,yes,class03,1,15,time_afternoon,120,medium_duration,teacher_c,studio_2,location_studio_2,16,cost_premium,2.0,ENHYPEN | STILL MONSTER class03 teacher_c location_studio_2 time_afternoon medium_duration cost_premium
210,41.67490300785703,210,ATEEZ | CRAZY FORM,13:00,15:00,A,Studio 2,16,30,1/7/2024,yes,class03,1,13,time_afternoon,120,medium_duration,teacher_a,studio_2,location_studio_2,16,cost_premium,2.0,ATEEZ | CRAZY FORM class03 teacher_a location_studio_2 time_afternoon medium_duration cost_premium
211,13.09762682661032,211,xikers | KOONG,19:30,21:30,A,Studio 2,16,30,1/10/2024,yes,class03,1,19,time_evening,120,medium_duration,teacher_a,studio_2,location_studio_2,16,cost_premium,2.0,xikers | KOONG class03 teacher_a location_studio_2 time_evening medium_duration cost_premium
212,30.14084461502969,212,BABYMONSTER | BATTER UP,13:00,14:30,C,Studio 1,12,20,1/13/2024,yes,class02,1,13,time_afternoon,90,medium_duration,teacher_c,studio_1,location_studio_1,12,cost_standard,1.75,BABYMONSTER | BATTER UP class02 teacher_c location_studio_1 time_afternoon medium_duration cost_standard
214,11.652185648936749,214,ITZY | BORN TO BE,15:30,17:30,C,Studio 2,16,30,1/6/2024,yes,class03,1,15,time_afternoon,120,medium_duration,teacher_c,studio_2,location_studio_2,16,cost_premium,2.0,ITZY | BORN TO BE class03 teacher_c location_studio_2 time_afternoon medium_duration cost_premium
216,12.048225684165445,216,NCT U - THE 7TH SENSE,13:00,15:00,B,Studio 2,16,30,1/13/2024,yes,class03,1,13,time_afternoon,120,medium_duration,teacher_b,studio_2,location_studio_2,16,cost_premium,2.0,NCT U - THE 7TH SENSE class03 teacher_b location_studio_2 time_afternoon medium_duration cost_premium
219,14.466918387586286,219,aespa | NEXT LEVEL,13:00,15:00,B,Studio 2,16,30,1/14/2024,yes,class03,1,13,time_afternoon,120,medium_duration,teacher_b,studio_2,location_studio_2,16,cost_premium,2.0,aespa | NEXT LEVEL class03 teacher_b location_studio_2 time_afternoon medium_duration cost_premium
221,20.06002653217898,221,NCT U- BAGGY JEANS,13:00,14:30,E,Studio 1,12,20,1/27/2024,yes,class02,1,13,time_afternoon,90,medium_duration,teacher_e,studio_1,location_studio_1,12,cost_standard,1.75,NCT U- BAGGY JEANS class02 teacher_e location_studio_1 time_afternoon medium_duration cost_standard
222,41.92847706253406,222,SEVENTEEN | 손오공 (SUPER),15:30,17:30,A,Studio 2,16,30,1/21/2024,yes,class03,1,15,time_afternoon,120,medium_duration,teacher_a,studio_2,location_studio_2,16,cost_premium,2.0,SEVENTEEN | 손오공 (SUPER) class03 teacher_a location_studio_2 time_afternoon medium_duration cost_premium
223,51.22642937589664,223,BLACKPINK | AS IF IT'S YOUR LAST,13:00,14:30,C,Studio 2,12,30,1/20/2024,yes,class02,1,13,time_afternoon,90,medium_duration,teacher_c,studio_2,location_studio_2,12,cost_standard,1.75,BLACKPINK | AS IF IT'S YOUR LAST class02 teacher_c location_studio_2 time_afternoon medium_duration cost_standard
224,20.858939875039457,224,TAEMIN | GUILTY,19:30,21:30,E,Studio 2,16,20,1/17/2024,yes,class03,1,19,time_evening,120,medium_duration,teacher_e,studio_2,location_studio_2,16,cost_premium,2.0,TAEMIN | GUILTY class03 teacher_e location_studio_2 time_evening medium_duration cost_premium
225,47.93120537378411,225,TWICE | FEEL SPECIAL,15:30,17:30,E,Studio 2,16,30,1/27/2024,yes,class03,1,15,time_afternoon,120,medium_duration,teacher_e,studio_2,location_studio_2,16,cost_premium,2.0,TWICE | FEEL SPECIAL class03 teacher_e location_studio_2 time_afternoon medium_duration cost_premium
226,34.851039285030296,226,BTS | NOT TODAY,15:30,17:30,A,Studio 2,16,30,1/28/2024,yes,class03,1,15,time_afternoon,120,medium_duration,teacher_a,studio_2,location_studio_2,16,cost_premium,2.0,BTS | NOT TODAY class03 teacher_a location_studio_2 time_afternoon medium_duration cost_premium
227,4.447350465279529,227,K-FIT | BTS,12:00,13:00,C,Studio 2,10,30,1/24/2024,yes,class08,1,12,time_afternoon,60,short_duration,teacher_c,studio_2,location_studio_2,10,cost_standard,1.625,K-FIT | BTS class08 teacher_c location_studio_2 time_afternoon short_duration cost_standard
228,6.035394004417866,228,K-FIT | BTS,18:15,19:15,C,Studio 2,10,30,1/24/2024,yes,class08,1,18,time_evening,60,short_duration,teacher_c,studio_2,location_studio_2,10,cost_standard,1.625,K-FIT | BTS class08 teacher_c location_studio_2 time_evening short_duration cost_standard
229,7.141129925948295,229,K-FIT | BTS,11:00,12:00,C,Studio 2,10,30,1/27/2024,yes,class08,1,11,time_morning,60,short_duration,teacher_c,studio_2,location_studio_2,10,cost_standard,1.625,K-FIT | BTS class08 teacher_c location_studio_2 time_morning short_duration cost_standard
230,17.199186540857923,230,ITZY | UNTOUCHABLE,15:30,17:30,C,Studio 2,16,30,1/20/2024,yes,class03,1,15,time_afternoon,120,medium_duration,teacher_c,studio_2,location_studio_2,16,cost_premium,2.0,ITZY | UNTOUCHABLE class03 teacher_c location_studio_2 time_afternoon medium_duration cost_premium
231,13.203548006055057,231,A CHOREO: Best time - Brent Faiyaz ,19:30,21:00,A,Studio 2,12,20,1/18/2024,yes,class07,1,19,time_evening,90,medium_duration,teacher_a,studio_2,location_studio_2,12,cost_standard,1.75,A CHOREO: Best time - Brent Faiyaz  class07 teacher_a location_studio_2 time_evening medium_duration cost_standard
232,6.969852946546003,232,A CHOREO,19:30,21:00,A,Studio 2,12,30,1/25/2024,yes,class07,1,19,time_evening,90,medium_duration,teacher_a,studio_2,location_studio_2,12,cost_standard,1.75,A CHOREO class07 teacher_a location_studio_2 time_evening medium_duration cost_standard
233,18.828522317571082,233,STRAY KIDS | MEGAVERSE,13:00,15:00,D,Studio 1,16,30,1/20/2024,yes,class03,1,13,time_afternoon,120,medium_duration,teacher_d,studio_1,location_studio_1,16,cost_premium,2.0,STRAY KIDS | MEGAVERSE class03 teacher_d location_studio_1 time_afternoon medium_duration cost_premium
235,15.523491968991424,235,TWS | OH MYMY 7S,13:00,15:00,C,Studio 2,16,30,1/21/2024,yes,class03,1,13,time_afternoon,120,medium_duration,teacher_c,studio_2,location_studio_2,16,cost_premium,2.0,TWS | OH MYMY 7S class03 teacher_c location_studio_2 time_afternoon medium_duration cost_premium
236,21.027847346836534,236,RIIZE | LOVE 119,19:30,21:30,D,Studio 1,16,30,1/24/2024,yes,class03,1,19,time_evening,120,medium_duration,teacher_d,studio_1,location_studio_1,16,cost_premium,2.0,RIIZE | LOVE 119 class03 teacher_d location_studio_1 time_evening medium_duration cost_premium
238,27.159858870419214,238,G-IDLE | NXDE,13:00,15:00,E,Studio 2,16,30,1/28/2024,yes,class03,1,13,time_afternoon,120,medium_duration,teacher_e,studio_2,location_studio_2,16,cost_premium,2.0,G-IDLE | NXDE class03 teacher_e location_studio_2 time_afternoon medium_duration cost_premium
239,15.078167817377983,239,ITZY | MR. VAMPIRE,19:30,21:30,E,Studio 2,16,30,1/31/2024,yes,class03,1,19,time_evening,120,medium_duration,teacher_e,studio_2,location_studio_2,16,cost_premium,2.0,ITZY | MR. VAMPIRE class03 teacher_e location_studio_2 time_evening medium_duration cost_premium
240,10.996391188534638,240,K-FIT | TWICE,18:15,19:15,C,Studio 2,10,30,1/31/2024,yes,class08,1,18,time_evening,60,short_duration,teacher_c,studio_2,location_studio_2,10,cost_standard,1.625,K-FIT | TWICE class08 teacher_c location_studio_2 time_evening short_duration cost_standard
241,3.5752337209366107,241,K-FIT | SEVENTEEN x RIIZE,18:00,19:00,C,Studio 2,10,30,2/7/2024,yes,class08,1,18,time_evening,60,short_duration,teacher_c,studio_2,location_studio_2,10,cost_standard,1.625,K-FIT | SEVENTEEN x RIIZE class08 teacher_c location_studio_2 time_evening short_duration cost_standard
242,5.03140893461228,242,K-FIT | TWICE,11:00,12:00,C,Studio 2,10,30,2/3/2024,yes,class08,1,11,time_morning,60,short_duration,teacher_c,studio_2,location_studio_2,10,cost_standard,1.625,K-FIT | TWICE class08 teacher_c location_studio_2 time_morning short_duration cost_standard
243,15.128874102263305,243,ATEEZ | HALA HALA,13:00,15:00,B,Studio 2,16,30,1/27/2024,yes,class03,1,13,time_afternoon,120,medium_duration,teacher_b,studio_2,location_studio_2,16,cost_premium,2.0,ATEEZ | HALA HALA class03 teacher_b location_studio_2 time_afternoon medium_duration cost_premium
244,4.048337390857227,244,C CHOREO | To. X (Taeyeon),19:30,21:00,C,Studio 2,12,20,1/26/2024,yes,class07,1,19,time_evening,90,medium_duration,teacher_c,studio_2,location_studio_2,12,cost_standard,1.75,C CHOREO | To. X (Taeyeon) class07 teacher_c location_studio_2 time_evening medium_duration cost_standard
245,36.90452004091441,245,BLACKPINK | Lovesick Girls,13:00,14:30,C,Studio 2,12,30,2/3/2024,yes,class02,1,13,time_afternoon,90,medium_duration,teacher_c,studio_2,location_studio_2,12,cost_standard,1.75,BLACKPINK | Lovesick Girls class02 teacher_c location_studio_2 time_afternoon medium_duration cost_standard
246,30.800910583072735,246,BTS | BOY WITH LUV,13:00,14:30,E,Studio 1,12,30,2/11/2024,yes,class02,1,13,time_afternoon,90,medium_duration,teacher_e,studio_1,location_studio_1,12,cost_standard,1.75,BTS | BOY WITH LUV class02 teacher_e location_studio_1 time_afternoon medium_duration cost_standard
247,32.286685256848195,247,SEVENTEEN | 아낀다 (Adore U),13:00,15:00,A,Studio 2,16,30,2/11/2024,yes,class03,1,13,time_afternoon,120,medium_duration,teacher_a,studio_2,location_studio_2,16,cost_premium,2.0,SEVENTEEN | 아낀다 (Adore U) class03 teacher_a location_studio_2 time_afternoon medium_duration cost_premium
248,22.058170959090074,248,BTS | DANGER,15:30,17:30,A,Studio 2,16,30,2/11/2024,yes,class03,1,15,time_afternoon,120,medium_duration,teacher_a,studio_2,location_studio_2,16,cost_premium,2.0,BTS | DANGER class03 teacher_a location_studio_2 time_afternoon medium_duration cost_premium
249,18.708749949346274,249,NCT U | 90's Love,13:00,15:00,B,Studio 1,16,30,2/3/2024,yes,class03,1,13,time_afternoon,120,medium_duration,teacher_b,studio_1,location_studio_1,16,cost_premium,2.0,NCT U | 90's Love class03 teacher_b location_studio_1 time_afternoon medium_duration cost_premium
250,7.47391470268464,250,TWICE | HEART SHAKER,19:30,21:30,E,Studio 2,16,30,2/14/2024,yes,class03,1,19,time_evening,120,medium_duration,teacher_e,studio_2,location_studio_2,16,cost_premium,2.0,TWICE | HEART SHAKER class03 teacher_e location_studio_2 time_evening medium_duration cost_premium
251,18.03989292789329,251,BTS | Butterfly,15:30,17:30,E,Studio 2,16,30,2/3/2024,yes,class03,1,15,time_afternoon,120,medium_duration,teacher_e,studio_2,location_studio_2,16,cost_premium,2.0,BTS | Butterfly class03 teacher_e location_studio_2 time_afternoon medium_duration cost_premium
252,13.10029431620525,252,ZEROBASEONE | CRUSH,13:00,15:00,B,Studio 1,16,20,2/17/2024,yes,class03,1,13,time_afternoon,120,medium_duration,teacher_b,studio_1,location_studio_1,16,cost_premium,2.0,ZEROBASEONE | CRUSH class03 teacher_b location_studio_1 time_afternoon medium_duration cost_premium
253,19.69709777721693,253,SEVENTEEN | HOT,13:00,15:00,C,Studio 1,16,30,2/4/2024,yes,class03,1,13,time_afternoon,120,medium_duration,teacher_c,studio_1,location_studio_1,16,cost_premium,2.0,SEVENTEEN | HOT class03 teacher_c location_studio_1 time_afternoon medium_duration cost_premium
254,15.487434139196694,254,G-IDLE | WIFE,15:30,17:30,E,Studio 1,16,20,2/17/2024,yes,class03,1,15,time_afternoon,120,medium_duration,teacher_e,studio_1,location_studio_1,16,cost_premium,2.0,G-IDLE | WIFE class03 teacher_e location_studio_1 time_afternoon medium_duration cost_premium
255,24.4471124210604,255,TWICE | WHAT IS LOVE,13:00,14:30,C,Studio 1,12,30,2/18/2024,yes,class02,1,13,time_afternoon,90,medium_duration,teacher_c,studio_1,location_studio_1,12,cost_standard,1.75,TWICE | WHAT IS LOVE class02 teacher_c location_studio_1 time_afternoon medium_duration cost_standard
256,23.737639208130595,256,ATEEZ | IT'S YOU,13:00,15:30,C,Studio 2,16,30,2/18/2024,yes,class03,1,13,time_afternoon,150,long_duration,teacher_c,studio_2,location_studio_2,16,cost_premium,2.0,ATEEZ | IT'S YOU class03 teacher_c location_studio_2 time_afternoon long_duration cost_premium
257,19.028064385822415,257,MONSTA X | LOVE KILLA,15:30,17:30,A,Studio 2,16,30,2/18/2024,yes,class03,1,15,time_afternoon,120,medium_duration,teacher_a,studio_2,location_studio_2,16,cost_premium,2.0,MONSTA X | LOVE KILLA class03 teacher_a location_studio_2 time_afternoon medium_duration cost_premium
258,13.995224077554434,258,(G)I-DLE | SUPER LADY,15:30,17:30,C,Studio 2,16,30,2/4/2024,yes,class03,1,15,time_afternoon,120,medium_duration,teacher_c,studio_2,location_studio_2,16,cost_premium,2.0,(G)I-DLE | SUPER LADY class03 teacher_c location_studio_2 time_afternoon medium_duration cost_premium
259,27.953654272183,259,G-IDLE | TOMBOY,13:00,14:30,C,Studio 1,12,20,2/24/2024,yes,class02,1,13,time_afternoon,90,medium_duration,teacher_c,studio_1,location_studio_1,12,cost_standard,1.75,G-IDLE | TOMBOY class02 teacher_c location_studio_1 time_afternoon medium_duration cost_standard
260,10.708998815517534,260,DINO | Unholy,19:30,21:30,A,Studio 2,16,30,2/7/2024,yes,class03,1,19,time_evening,120,medium_duration,teacher_a,studio_2,location_studio_2,16,cost_premium,2.0,DINO | Unholy class03 teacher_a location_studio_2 time_evening medium_duration cost_premium
261,13.219763940803828,261,EXO | LOVE SHOT,13:00,15:00,D,Studio 2,16,30,2/24/2024,yes,class03,1,13,time_afternoon,120,medium_duration,teacher_d,studio_2,location_studio_2,16,cost_premium,2.0,EXO | LOVE SHOT class03 teacher_d location_studio_2 time_afternoon medium_duration cost_premium
262,34.56882614924947,262,BLACKPINK | DON'T KNOW WHAT TO DO,13:00,14:30,C,Studio 1,12,30,2/25/2024,yes,class02,1,13,time_afternoon,90,medium_duration,teacher_c,studio_1,location_studio_1,12,cost_standard,1.75,BLACKPINK | DON'T KNOW WHAT TO DO class02 teacher_c location_studio_1 time_afternoon medium_duration cost_standard
263,25.620937677421214,263,IVE | LOVE DIVE (+ Dance Break),13:00,15:00,B,Studio 2,16,30,2/10/2024,yes,class03,1,13,time_afternoon,120,medium_duration,teacher_b,studio_2,location_studio_2,16,cost_premium,2.0,IVE | LOVE DIVE (+ Dance Break) class03 teacher_b location_studio_2 time_afternoon medium_duration cost_premium
264,14.066563946727488,264,NCT U | BABY DON'T STOP,13:00,15:00,B,Studio 2,16,30,2/25/2024,yes,class03,1,13,time_afternoon,120,medium_duration,teacher_b,studio_2,location_studio_2,16,cost_premium,2.0,NCT U | BABY DON'T STOP class03 teacher_b location_studio_2 time_afternoon medium_duration cost_premium
265,21.900529987124326,265,NMIXX | Dash,15:30,17:30,B,Studio 2,16,30,2/10/2024,yes,class03,1,15,time_afternoon,120,medium_duration,teacher_b,studio_2,location_studio_2,16,cost_premium,2.0,NMIXX | Dash class03 teacher_b location_studio_2 time_afternoon medium_duration cost_premium
266,16.435247913132493,266,NCT x  aespa | ZOO,19:30,21:30,A,Studio 2,16,30,2/28/2024,yes,class03,1,19,time_evening,120,medium_duration,teacher_a,studio_2,location_studio_2,16,cost_premium,2.0,NCT x aespa | ZOO class03 teacher_a location_studio_2 time_evening medium_duration cost_premium
269,2.861926537478773,269,K-FIT | LOVE SONGS,12:00,13:00,C,Studio 2,10,20,2/14/2024,yes,class08,1,12,time_afternoon,60,short_duration,teacher_c,studio_2,location_studio_2,10,cost_standard,1.625,K-FIT | LOVE SONGS class08 teacher_c location_studio_2 time_afternoon short_duration cost_standard
270,8.578655785143107,270,K-FIT | LOVE SONGS,11:00,12:00,C,Studio 1,10,15,2/17/2024,yes,class08,1,11,time_morning,60,short_duration,teacher_c,studio_1,location_studio_1,10,cost_standard,1.625,K-FIT | LOVE SONGS class08 teacher_c location_studio_1 time_morning short_duration cost_standard
271,3.9734922903536205,271,K-FIT | 2nd Gen Girl groups,12:00,13:00,C,Studio 2,10,20,2/21/2024,yes,class08,1,12,time_afternoon,60,short_duration,teacher_c,studio_2,location_studio_2,10,cost_standard,1.625,K-FIT | 2nd Gen Girl groups class08 teacher_c location_studio_2 time_afternoon short_duration cost_standard
272,13.513548500780022,272,K-FIT | 2nd Gen Girl Groups,18:00,19:00,C,Studio 2,10,20,2/21/2024,yes,class08,1,18,time_evening,60,short_duration,teacher_c,studio_2,location_studio_2,10,cost_standard,1.625,K-FIT | 2nd Gen Girl Groups class08 teacher_c location_studio_2 time_evening short_duration cost_standard
273,8.582731655594516,273,K-FIT | 2nd Gen Girl Groups,11:00,12:00,C,Studio 2,10,20,2/24/2024,yes,class08,1,11,time_morning,60,short_duration,teacher_c,studio_2,location_studio_2,10,cost_standard,1.625,K-FIT | 2nd Gen Girl Groups class08 teacher_c location_studio_2 time_morning short_duration cost_standard
274,3.9303648805437286,274,A CHOREO,19:30,21:00,A,Studio 2,12,20,2/8/2024,yes,class07,1,19,time_evening,90,medium_duration,teacher_a,studio_2,location_studio_2,12,cost_standard,1.75,A CHOREO class07 teacher_a location_studio_2 time_evening medium_duration cost_standard
275,10.62879202756129,275,TWS | ‘첫 만남은 계획대로 되지 않아’ (plot twist),19:30,21:30,D,Studio 2,16,30,2/21/2024,yes,class03,1,19,time_evening,120,medium_duration,teacher_d,studio_2,location_studio_2,16,cost_premium,2.0,TWS | ‘첫 만남은 계획대로 되지 않아’ (plot twist) class03 teacher_d location_studio_2 time_evening medium_duration cost_premium
276,6.964763134463523,276,A CHOREO,19:30,21:00,A,Studio 2,12,20,2/22/2024,yes,class07,1,19,time_evening,90,medium_duration,teacher_a,studio_2,location_studio_2,12,cost_standard,1.75,A CHOREO class07 teacher_a location_studio_2 time_evening medium_duration cost_standard
277,22.496251805102983,277,LE SSERAFIM | PERFECT NIGHT,13:00,14:30,C,Studio 2,12,20,2/4/2024,yes,class02,1,13,time_afternoon,90,medium_duration,teacher_c,studio_2,location_studio_2,12,cost_standard,1.75,LE SSERAFIM | PERFECT NIGHT class02 teacher_c location_studio_2 time_afternoon medium_duration cost_standard
278,6.258866656227242,278,C CHOREO,19:30,21:00,C,Studio 2,12,20,2/16/2024,yes,class07,1,19,time_evening,90,medium_duration,teacher_c,studio_2,location_studio_2,12,cost_standard,1.75,C CHOREO class07 teacher_c location_studio_2 time_evening medium_duration cost_standard
279,4.229994748943076,279,K-FIT | BLACKPINK,18:00,19:00,C,Studio 2,10,20,2/28/2024,yes,class08,1,18,time_evening,60,short_duration,teacher_c,studio_2,location_studio_2,10,cost_standard,1.625,K-FIT | BLACKPINK class08 teacher_c location_studio_2 time_evening short_duration cost_standard
280,3.8801922152785187,280,K-FIT | BLACKPINK,11:00,12:00,C,Studio 2,10,20,3/2/2024,yes,class08,1,11,time_morning,60,short_duration,teacher_c,studio_2,location_studio_2,10,cost_standard,1.625,K-FIT | BLACKPINK class08 teacher_c location_studio_2 time_morning short_duration cost_standard
281,3.9790148579230475,281,K-FIT | BLACKPINK,12:00,13:00,C,Studio 2,10,20,2/28/2024,yes,class08,1,12,time_afternoon,60,short_duration,teacher_c,studio_2,location_studio_2,10,cost_standard,1.625,K-FIT | BLACKPINK class08 teacher_c location_studio_2 time_afternoon short_duration cost_standard
282,16.94573674013198,282,TWICE | TALK THAT TALK,15:30,17:30,C,Studio 2,16,30,2/24/2024,yes,class03,1,15,time_afternoon,120,medium_duration,teacher_c,studio_2,location_studio_2,16,cost_premium,2.0,TWICE | TALK THAT TALK class03 teacher_c location_studio_2 time_afternoon medium_duration cost_premium
283,10.14275448808111,283,KISS OF LIFE | NOBODY KNOWS,15:30,17:30,D,Studio 2,16,30,2/25/2024,yes,class03,1,15,time_afternoon,120,medium_duration,teacher_d,studio_2,location_studio_2,16,cost_premium,2.0,KISS OF LIFE | NOBODY KNOWS class03 teacher_d location_studio_2 time_afternoon medium_duration cost_premium
284,3.8095781043601273,284,B CHOREO,15:30,17:00,B,Studio 1,12,20,2/25/2024,yes,class01,1,15,time_afternoon,90,medium_duration,teacher_b,studio_1,location_studio_1,12,cost_standard,1.75,B CHOREO class01 teacher_b location_studio_1 time_afternoon medium_duration cost_standard
285,8.171483733315942,285,IVE | AFTER LIKE,13:00,14:30,C,Studio 1,12,30,3/2/2024,yes,class02,1,13,time_afternoon,90,medium_duration,teacher_c,studio_1,location_studio_1,12,cost_standard,1.75,IVE | AFTER LIKE class02 teacher_c location_studio_1 time_afternoon medium_duration cost_standard
286,5.096985630688199,286,TEN | NIGHTWALKER ,13:00,15:00,B,Studio 2,16,30,3/2/2024,yes,class03,1,13,time_afternoon,120,medium_duration,teacher_b,studio_2,location_studio_2,16,cost_premium,2.0,TEN | NIGHTWALKER class03 teacher_b location_studio_2 time_afternoon medium_duration cost_premium
288,19.309985929694058,288,LE SSERAFIM | EASY,15:30,17:30,C,Studio 2,16,30,3/2/2024,yes,class03,1,15,time_afternoon,120,medium_duration,teacher_c,studio_2,location_studio_2,16,cost_premium,2.0,LE SSERAFIM | EASY class03 teacher_c location_studio_2 time_afternoon medium_duration cost_premium
289,0.9927933834594033,289,ATEEZ | DJANGO,13:00,15:00,A,Studio 2,16,30,3/3/2024,yes,class03,1,13,time_afternoon,120,medium_duration,teacher_a,studio_2,location_studio_2,16,cost_premium,2.0,ATEEZ | DJANGO class03 teacher_a location_studio_2 time_afternoon medium_duration cost_premium
290,6.10179826082031,290,TAEMIN | THE RIZZNESS,15:30,17:30,D,Studio 2,16,30,3/3/2024,yes,class03,1,15,time_afternoon,120,medium_duration,teacher_d,studio_2,location_studio_2,16,cost_premium,2.0,TAEMIN | THE RIZZNESS class03 teacher_d location_studio_2 time_afternoon medium_duration cost_premium
291,1.0337688305345791,291,K-FIT,18:00,19:00,C,Studio 2,10,20,3/6/2024,yes,class08,1,18,time_evening,60,short_duration,teacher_c,studio_2,location_studio_2,10,cost_standard,1.625,K-FIT class08 teacher_c location_studio_2 time_evening short_duration cost_standard
292,2.0174693502905763,292,TWS | BFF,19:30,21:30,A,Studio 2,16,30,3/6/2024,yes,class03,1,19,time_evening,120,medium_duration,teacher_a,studio_2,location_studio_2,16,cost_premium,2.0,TWS | BFF class03 teacher_a location_studio_2 time_evening medium_duration cost_premium
294,6.917860601486199,294,VIVIZ | MANIAC,13:00,14:30,C,Studio 1,12,30,3/9/2024,yes,class02,1,13,time_afternoon,90,medium_duration,teacher_c,studio_1,location_studio_1,12,cost_standard,1.75,VIVIZ | MANIAC class02 teacher_c location_studio_1 time_afternoon medium_duration cost_standard
295,0.9927933834594033,295,NCT 127 | LEMONADE,13:00,15:00,B,Studio 2,16,30,3/9/2024,yes,class03,1,13,time_afternoon,120,medium_duration,teacher_b,studio_2,location_studio_2,16,cost_premium,2.0,NCT 127 | LEMONADE class03 teacher_b location_studio_2 time_afternoon medium_duration cost_premium
296,3.007931831120037,296,TEN | PERFORMANCE FILM 10,15:30,17:30,D,Studio 2,16,30,3/9/2024,yes,class03,1,15,time_afternoon,120,medium_duration,teacher_d,studio_2,location_studio_2,16,cost_premium,2.0,TEN | PERFORMANCE FILM 10 class03 teacher_d location_studio_2 time_afternoon medium_duration cost_premium
297,1.0138614969127324,297,NCT WISH | WISH,13:00,15:00,A,Studio 2,16,30,3/10/2024,yes,class03,1,13,time_afternoon,120,medium_duration,teacher_a,studio_2,location_studio_2,16,cost_premium,2.0,NCT WISH | WISH class03 teacher_a location_studio_2 time_afternoon medium_duration cost_premium
298,2.057089310811728,298,LE SSERAFIM | SWAN SONG,15:30,17:30,C,Studio 2,16,30,3/10/2024,yes,class03,1,15,time_afternoon,120,medium_duration,teacher_c,studio_2,location_studio_2,16,cost_premium,2.0,LE SSERAFIM | SWAN SONG class03 teacher_c location_studio_2 time_afternoon medium_duration cost_premium
300,2.0174693502905763,300,P1HARMONY | KILLIN' IT,19:30,21:30,D,Studio 2,16,30,3/13/2024,yes,class03,1,19,time_evening,120,medium_duration,teacher_d,studio_2,location_studio_2,16,cost_premium,2.0,P1HARMONY | KILLIN' IT class03 teacher_d location_studio_2 time_evening medium_duration cost_premium
301,4.840261800902688,301,LE SSERAFIM | BLUE FLAME,13:00,14:30,C,Studio 1,12,20,3/16/2024,yes,class02,1,13,time_afternoon,90,medium_duration,teacher_c,studio_1,location_studio_1,12,cost_standard,1.75,LE SSERAFIM | BLUE FLAME class02 teacher_c location_studio_1 time_afternoon medium_duration cost_standard
302,0.1727927263018075,302,AESPA | TRICK OR TRICK,13:00,15:00,B,Studio 2,16,30,3/16/2024,yes,class03,1,13,time_afternoon,120,medium_duration,teacher_b,studio_2,location_studio_2,16,cost_premium,2.0,AESPA | TRICK OR TRICK class03 teacher_b location_studio_2 time_afternoon medium_duration cost_premium
303,2.9704961359522266,303,EXO | THE EVE,15:30,17:30,D,Studio 2 ,16,30,3/16/2024,yes,class03,1,15,time_afternoon,120,medium_duration,teacher_d,studio_2,location_studio_2,16,cost_premium,2.0,EXO | THE EVE class03 teacher_d location_studio_2 time_afternoon medium_duration cost_premium
304,4.003149964265248,304,SEVENTEEN | LILILI YABBAY,13:00,15:00,B,Studio 2,16,30,3/17/2024,yes,class03,1,13,time_afternoon,120,medium_duration,teacher_b,studio_2,location_studio_2,16,cost_premium,2.0,SEVENTEEN | LILILI YABBAY class03 teacher_b location_studio_2 time_afternoon medium_duration cost_premium
305,4.0667993498398625,305,BTS | MIC DROP,15:30,17:30,A,Studio 2,16,30,3/17/2024,yes,class03,1,15,time_afternoon,120,medium_duration,teacher_a,studio_2,location_studio_2,16,cost_premium,2.0,BTS | MIC DROP class03 teacher_a location_studio_2 time_afternoon medium_duration cost_premium
307,2.7885315264238306,307,SEVENTEEN | LEFT & RIGHT,13:00,14:30,C,Studio 1,12,20,3/23/2024,yes,class02,1,13,time_afternoon,90,medium_duration,teacher_c,studio_1,location_studio_1,12,cost_standard,1.75,SEVENTEEN | LEFT & RIGHT class02 teacher_c location_studio_1 time_afternoon medium_duration cost_standard
309,0.8944082590973941,309,BLACKINK | PLAYING WITH FIRE,13:00,14:30,C,Studio 1,12,20,3/30/2024,yes,class02,1,13,time_afternoon,90,medium_duration,teacher_c,studio_1,location_studio_1,12,cost_standard,1.75,BLACKINK | PLAYING WITH FIRE class02 teacher_c location_studio_1 time_afternoon medium_duration cost_standard
310,2.6402845842628175,310,A CHOREO,19:30,21:00,A,Studio 2,12,20,3/7/2024,yes,class07,1,19,time_evening,90,medium_duration,teacher_a,studio_2,location_studio_2,12,cost_standard,1.75,A CHOREO class07 teacher_a location_studio_2 time_evening medium_duration cost_standard
311,0.8944082590973941,311,C CHOREO,19:30,21:00,C,Studio 2,12,20,3/15/2024,yes,class07,1,19,time_evening,90,medium_duration,teacher_c,studio_2,location_studio_2,12,cost_standard,1.75,C CHOREO class07 teacher_c location_studio_2 time_evening medium_duration cost_standard
42,3.0415853242345605,42,TXT YEONJUN & HUENINGKAI - THE DEVIL I KNOW,19:30,21:30,A,Studio 2,16,30,8/23/2023,yes,class03,1,19,time_evening,120,medium_duration,teacher_a,studio_2,location_studio_2,16,cost_premium,2.0,TXT YEONJUN & HUENINGKAI - THE DEVIL I KNOW class03 teacher_a location_studio_2 time_evening medium_duration cost_premium
43,15.207858885503565,43,ITZY | CAKE,13:00,15:00,B,Studio 2,16,30,8/26/2023,yes,class03,1,13,time_afternoon,120,medium_duration,teacher_b,studio_2,location_studio_2,16,cost_premium,2.0,ITZY | CAKE class03 teacher_b location_studio_2 time_afternoon medium_duration cost_premium
45,4.06887078282947,45,NCT 127 | LIMITLESS,13:00,15:00,B,Studio 2,16,30,8/27/2023,yes,class03,1,13,time_afternoon,120,medium_duration,teacher_b,studio_2,location_studio_2,16,cost_premium,2.0,NCT 127 | LIMITLESS class03 teacher_b location_studio_2 time_afternoon medium_duration cost_premium
46,8.119004668616922,46,RIIZE | SIREN,15:30,17:30,A,Studio 2,16,30,8/27/2023,yes,class03,1,15,time_afternoon,120,medium_duration,teacher_a,studio_2,location_studio_2,16,cost_premium,2.0,RIIZE | SIREN class03 teacher_a location_studio_2 time_afternoon medium_duration cost_premium
47,4.944129058888448,47,A CHOREOGRAPHY,19:30,21:00,A,Studio 2,12,30,8/24/2023,yes,class07,1,19,time_evening,90,medium_duration,teacher_a,studio_2,location_studio_2,12,cost_standard,1.75,A CHOREOGRAPHY class07 teacher_a location_studio_2 time_evening medium_duration cost_standard
48,5.19669297293227,48,C: COMMERCIAL CHOREOGRAPHY,19:30,21:00,C,Studio 2,12,30,10/6/2023,yes,class07,1,19,time_evening,90,medium_duration,teacher_c,studio_2,location_studio_2,12,cost_standard,1.75,C: COMMERCIAL CHOREOGRAPHY class07 teacher_c location_studio_2 time_evening medium_duration cost_standard
57,17.633612030113987,57,JEON SOMI | FAST FORWARD,13:00,15:00,D,Studio 2,16,30,9/2/2023,yes,class03,1,13,time_afternoon,120,medium_duration,teacher_d,studio_2,location_studio_2,16,cost_premium,2.0,JEON SOMI | FAST FORWARD class03 teacher_d location_studio_2 time_afternoon medium_duration cost_premium
58,9.476190834900242,58,EVERGLOW | SLAY,15:30,17:30,D,Studio 2,16,30,9/2/2023,yes,class03,1,15,time_afternoon,120,medium_duration,teacher_d,studio_2,location_studio_2,16,cost_premium,2.0,EVERGLOW | SLAY class03 teacher_d location_studio_2 time_afternoon medium_duration cost_premium
60,10.570723988291876,60,ENHYPEN | CRIMINAL LOVE,15:30,17:30,C,Studio 2,16,30,9/3/2023,yes,class03,1,15,time_afternoon,120,medium_duration,teacher_c,studio_2,location_studio_2,16,cost_premium,2.0,ENHYPEN | CRIMINAL LOVE class03 teacher_c location_studio_2 time_afternoon medium_duration cost_premium
61,11.895297429227057,61,STRAY KIDS | SUPER BOWL,19:30,21:30,A,Studio 2,16,30,9/6/2023,yes,class03,1,19,time_evening,120,medium_duration,teacher_a,studio_2,location_studio_2,16,cost_premium,2.0,STRAY KIDS | SUPER BOWL class03 teacher_a location_studio_2 time_evening medium_duration cost_premium
62,14.244720594718938,62,TWICE JIHYO | KILLING ME GOOD,13:00,15:00,E,Studio 2,16,30,9/9/2023,yes,class03,1,13,time_afternoon,120,medium_duration,teacher_e,studio_2,location_studio_2,16,cost_premium,2.0,TWICE JIHYO | KILLING ME GOOD class03 teacher_e location_studio_2 time_afternoon medium_duration cost_premium
63,22.65944611214016,63,BTS | FAKE LOVE,15:30,17:30,A,Studio 2,16,30,9/10/2023,yes,class03,1,15,time_afternoon,120,medium_duration,teacher_a,studio_2,location_studio_2,16,cost_premium,2.0,BTS | FAKE LOVE class03 teacher_a location_studio_2 time_afternoon medium_duration cost_premium
64,21.975975315260186,64,BLACKPINK | PRETTY SAVAGE (COACHELLA VER.),13:00,15:00,C,Studio 2,16,15,9/10/2023,yes,class05,1,13,time_afternoon,120,medium_duration,teacher_c,studio_2,location_studio_2,16,cost_premium,2.0,BLACKPINK | PRETTY SAVAGE (COACHELLA VER.) class05 teacher_c location_studio_2 time_afternoon medium_duration cost_premium
70,24.923390148184556,70,SEVENTEEN | FIRE,15:30,17:30,A,Studio 2,16,30,9/17/2023,yes,class03,1,15,time_afternoon,120,medium_duration,teacher_a,studio_2,location_studio_2,16,cost_premium,2.0,SEVENTEEN | FIRE class03 teacher_a location_studio_2 time_afternoon medium_duration cost_premium
71,37.281022121633804,71,NCT U | BAGGY JEANS,13:00,15:00,C,Studio 2,16,30,9/17/2023,yes,class03,1,13,time_afternoon,120,medium_duration,teacher_c,studio_2,location_studio_2,16,cost_premium,2.0,NCT U | BAGGY JEANS class03 teacher_c location_studio_2 time_afternoon medium_duration cost_premium
72,5.069309174115229,72,BTS JIMIN | I NEED YOU (MMA 2019) REMIX,13:00,15:00,E,Studio 2,16,15,9/16/2023,yes,class05,1,13,time_afternoon,120,medium_duration,teacher_e,studio_2,location_studio_2,16,cost_premium,2.0,BTS JIMIN | I NEED YOU (MMA 2019) REMIX class05 teacher_e location_studio_2 time_afternoon medium_duration cost_premium
73,7.0489851759553,73,RIIZE | MEMORIES,19:30,21:30,A,Studio 2,16,30,9/13/2023,yes,class03,1,19,time_evening,120,medium_duration,teacher_a,studio_2,location_studio_2,16,cost_premium,2.0,RIIZE | MEMORIES class03 teacher_a location_studio_2 time_evening medium_duration cost_premium
74,10.13852346924986,74,XG | TGIF,15:30,17:30,C,Studio 2,16,30,9/16/2023,yes,class03,1,15,time_afternoon,120,medium_duration,teacher_c,studio_2,location_studio_2,16,cost_premium,2.0,XG | TGIF class03 teacher_c location_studio_2 time_afternoon medium_duration cost_premium
75,10.021229883408578,75,A CHOREOGRAPHY,19:30,21:00,A,Studio 2,12,30,9/7/2023,yes,class07,1,19,time_evening,90,medium_duration,teacher_a,studio_2,location_studio_2,12,cost_standard,1.75,A CHOREOGRAPHY class07 teacher_a location_studio_2 time_evening medium_duration cost_standard
77,7.075941147951749,77,JEON SOMI | GOLD GOLD GOLD,13:00,15:00,B,Studio 2,16,30,9/23/2023,yes,class03,1,13,time_afternoon,120,medium_duration,teacher_b,studio_2,location_studio_2,16,cost_premium,2.0,JEON SOMI | GOLD GOLD GOLD class03 teacher_b location_studio_2 time_afternoon medium_duration cost_premium
78,35.50943977270522,78,SWF 2 | SMOKE (CHOREO BY BEBE BADA LEE ),15:30,17:30,C,Studio 2,16,30,9/23/2023,yes,class03,1,15,time_afternoon,120,medium_duration,teacher_c,studio_2,location_studio_2,16,cost_premium,2.0,SWF 2 | SMOKE (CHOREO BY BEBE BADA LEE ) class03 teacher_c location_studio_2 time_afternoon medium_duration cost_premium
79,12.180207979323464,79,HWASA | I LOVE MY BODY,13:00,15:00,C,Studio 2,16,30,9/24/2023,yes,class03,1,13,time_afternoon,120,medium_duration,teacher_c,studio_2,location_studio_2,16,cost_premium,2.0,HWASA | I LOVE MY BODY class03 teacher_c location_studio_2 time_afternoon medium_duration cost_premium
80,7.065822667541461,80,NCT U | THE BAT,13:00,15:00,B,Studio 2,16,30,9/30/2023,yes,class03,1,13,time_afternoon,120,medium_duration,teacher_b,studio_2,location_studio_2,16,cost_premium,2.0,NCT U | THE BAT class03 teacher_b location_studio_2 time_afternoon medium_duration cost_premium
81,10.13861776387077,81,A: CHOREOGRAPHY,19:30,21:00,A,Studio 2,12,30,9/21/2023,yes,class07,1,19,time_evening,90,medium_duration,teacher_a,studio_2,location_studio_2,12,cost_standard,1.75,A: CHOREOGRAPHY class07 teacher_a location_studio_2 time_evening medium_duration cost_standard
82,2.027724459025106,82,C: COMMERCIAL CHOREOGRAPHY,19:30,21:00,C,Studio 2,12,30,9/22/2023,yes,class07,1,19,time_evening,90,medium_duration,teacher_c,studio_2,location_studio_2,12,cost_standard,1.75,C: COMMERCIAL CHOREOGRAPHY class07 teacher_c location_studio_2 time_evening medium_duration cost_standard
83,12.202939831286567,83,SEVENTEEN | I DON'T UNDERSTAND BUT I LOVE U,15:30,17:30,D,Studio 2,16,30,9/24/2023,yes,class03,1,15,time_afternoon,120,medium_duration,teacher_d,studio_2,location_studio_2,16,cost_premium,2.0,SEVENTEEN | I DON'T UNDERSTAND BUT I LOVE U class03 teacher_d location_studio_2 time_afternoon medium_duration cost_premium
84,12.626274036932909,84,BLACKPINK | THE GIRLS (THE GAME),15:30,17:30,B,Studio 2,16,30,9/30/2023,yes,class03,1,15,time_afternoon,120,medium_duration,teacher_b,studio_2,location_studio_2,16,cost_premium,2.0,BLACKPINK | THE GIRLS (THE GAME) class03 teacher_b location_studio_2 time_afternoon medium_duration cost_premium
85,11.152481610273732,85,RIIZE | GET A GUITAR,19:30,21:30,A,Studio 2,16,30,9/27/2023,yes,class03,1,19,time_evening,120,medium_duration,teacher_a,studio_2,location_studio_2,16,cost_premium,2.0,RIIZE | GET A GUITAR class03 teacher_a location_studio_2 time_evening medium_duration cost_premium
86,14.21017015280611,86,XG | NEW DANCE,13:00,15:00,B,Studio 2,16,30,10/1/2023,yes,class03,1,13,time_afternoon,120,medium_duration,teacher_b,studio_2,location_studio_2,16,cost_premium,2.0,XG | NEW DANCE class03 teacher_b location_studio_2 time_afternoon medium_duration cost_premium
87,11.152483250293121,87,NCT U | 90'S LOVE,15:30,17:30,C,Studio 2,16,30,10/1/2023,yes,class03,1,15,time_afternoon,120,medium_duration,teacher_c,studio_2,location_studio_2,16,cost_premium,2.0,NCT U | 90'S LOVE class03 teacher_c location_studio_2 time_afternoon medium_duration cost_premium
89,8.14249362032953,89,NEW JEANS | ASAP,13:00,15:00,B,Studio 2,16,30,10/7/2023,yes,class03,1,13,time_afternoon,120,medium_duration,teacher_b,studio_2,location_studio_2,16,cost_premium,2.0,NEW JEANS | ASAP class03 teacher_b location_studio_2 time_afternoon medium_duration cost_premium
90,9.151645397566778,90,"SWF 2 - JAM REPUBLIC 'Eve, Psyche & The Bluebeard's wife' ",15:30,17:30,C,Studio 2,16,30,10/7/2023,yes,class03,1,15,time_afternoon,120,medium_duration,teacher_c,studio_2,location_studio_2,16,cost_premium,2.0,"SWF 2 - JAM REPUBLIC 'Eve, Psyche & The Bluebeard's wife' class03 teacher_c location_studio_2 time_afternoon medium_duration cost_premium"
91,10.396128611985581,91,K-FIT,12:00,13:00,C,Studio 2,10,20,10/18/2023,yes,class08,1,12,time_afternoon,60,short_duration,teacher_c,studio_2,location_studio_2,10,cost_standard,1.625,K-FIT class08 teacher_c location_studio_2 time_afternoon short_duration cost_standard
92,16.249422836893345,92,TXT ft ANITA | BACK FOR MORE,15:30,17:30,C,Studio 2,16,30,10/8/2023,yes,class03,1,15,time_afternoon,120,medium_duration,teacher_c,studio_2,location_studio_2,16,cost_premium,2.0,TXT ft ANITA | BACK FOR MORE class03 teacher_c location_studio_2 time_afternoon medium_duration cost_premium
93,15.217780615187108,93,STRAY KIDS | GOD'S MENU,13:00,15:00,B,Studio 2,16,30,10/8/2023,yes,class03,1,13,time_afternoon,120,medium_duration,teacher_b,studio_2,location_studio_2,16,cost_premium,2.0,STRAY KIDS | GOD'S MENU class03 teacher_b location_studio_2 time_afternoon medium_duration cost_premium
94,28.12072451956773,94,JUNGKOOK | 3D,13:00,15:00,A,Studio 2,16,30,10/15/2023,yes,class03,1,13,time_afternoon,120,medium_duration,teacher_a,studio_2,location_studio_2,16,cost_premium,2.0,JUNGKOOK | 3D class03 teacher_a location_studio_2 time_afternoon medium_duration cost_premium
95,10.135616197193835,95,A CHOREOGRAPHY,19:30,21:00,A,A,12,30,10/5/2023,yes,class07,1,19,time_evening,90,medium_duration,teacher_a,studio_a,location_studio_a,12,cost_standard,1.75,A CHOREOGRAPHY class07 teacher_a location_studio_a time_evening medium_duration cost_standard
96,10.144763514618363,96,SEVENTEEN HOSHI | MMM (JONGHO CHOREOGRAPHY),19:30,21:30,A,Studio 2,16,30,10/11/2023,yes,class03,1,19,time_evening,120,medium_duration,teacher_a,studio_2,location_studio_2,16,cost_premium,2.0,SEVENTEEN HOSHI | MMM (JONGHO CHOREOGRAPHY) class03 teacher_a location_studio_2 time_evening medium_duration cost_premium
97,17.221280478465705,97,NCT 127 | KICK IT,13:00,15:00,B,Studio 2,16,30,10/14/2023,yes,class03,1,13,time_afternoon,120,medium_duration,teacher_b,studio_2,location_studio_2,16,cost_premium,2.0,NCT 127 | KICK IT class03 teacher_b location_studio_2 time_afternoon medium_duration cost_premium
98,14.229367641584203,98,BLACKPINK | BBHMM (CHOREOGRAPHY BY PARRIS GOEBEL),15:30,17:30,C,Studio 2,16,30,10/14/2023,yes,class03,1,15,time_afternoon,120,medium_duration,teacher_c,studio_2,location_studio_2,16,cost_premium,2.0,BLACKPINK | BBHMM (CHOREOGRAPHY BY PARRIS GOEBEL) class03 teacher_c location_studio_2 time_afternoon medium_duration cost_premium
99,18.30795647088167,99,(G)I-DLE | LATATA,15:30,17:30,B,Studio 2,16,30,10/15/2023,yes,class03,1,15,time_afternoon,120,medium_duration,teacher_b,studio_2,location_studio_2,16,cost_premium,2.0,(G)I-DLE | LATATA class03 teacher_b location_studio_2 time_afternoon medium_duration cost_premium
