split,group,metric,model_name,value,delta(XGB-ALS),better,als_diagnosis,xgb_diagnosis
TRAIN,OVERALL,precision@5,ALS Hybrid,0.0389,+0.0472,XGBoost,ACCEPTABLE GENERALISATION | Train P@5=0.0389 vs Test P@5=0.0113 (gap=+0.0276). Metrics are consistent across splits. Low absolute values are expected for sparse implicit feedback data.,MILD OVERFITTING | Train P@5=0.0861 vs Test P@5=0.0245 (gap=+0.0616). Some generalisation gap detected. Review interaction weights and consider adding more interaction data to reduce sparsity.
TRAIN,OVERALL,precision@5,XGBoost Hybrid,0.0861,+0.0472,XGBoost,ACCEPTABLE GENERALISATION | Train P@5=0.0389 vs Test P@5=0.0113 (gap=+0.0276). Metrics are consistent across splits. Low absolute values are expected for sparse implicit feedback data.,MILD OVERFITTING | Train P@5=0.0861 vs Test P@5=0.0245 (gap=+0.0616). Some generalisation gap detected. Review interaction weights and consider adding more interaction data to reduce sparsity.
TRAIN,OVERALL,recall@5,ALS Hybrid,0.0322,+0.0424,XGBoost,ACCEPTABLE GENERALISATION | Train P@5=0.0389 vs Test P@5=0.0113 (gap=+0.0276). Metrics are consistent across splits. Low absolute values are expected for sparse implicit feedback data.,MILD OVERFITTING | Train P@5=0.0861 vs Test P@5=0.0245 (gap=+0.0616). Some generalisation gap detected. Review interaction weights and consider adding more interaction data to reduce sparsity.
TRAIN,OVERALL,recall@5,XGBoost Hybrid,0.0746,+0.0424,XGBoost,ACCEPTABLE GENERALISATION | Train P@5=0.0389 vs Test P@5=0.0113 (gap=+0.0276). Metrics are consistent across splits. Low absolute values are expected for sparse implicit feedback data.,MILD OVERFITTING | Train P@5=0.0861 vs Test P@5=0.0245 (gap=+0.0616). Some generalisation gap detected. Review interaction weights and consider adding more interaction data to reduce sparsity.
TRAIN,OVERALL,ndcg@5,ALS Hybrid,0.0348,+0.0748,XGBoost,ACCEPTABLE GENERALISATION | Train P@5=0.0389 vs Test P@5=0.0113 (gap=+0.0276). Metrics are consistent across splits. Low absolute values are expected for sparse implicit feedback data.,MILD OVERFITTING | Train P@5=0.0861 vs Test P@5=0.0245 (gap=+0.0616). Some generalisation gap detected. Review interaction weights and consider adding more interaction data to reduce sparsity.
TRAIN,OVERALL,ndcg@5,XGBoost Hybrid,0.1096,+0.0748,XGBoost,ACCEPTABLE GENERALISATION | Train P@5=0.0389 vs Test P@5=0.0113 (gap=+0.0276). Metrics are consistent across splits. Low absolute values are expected for sparse implicit feedback data.,MILD OVERFITTING | Train P@5=0.0861 vs Test P@5=0.0245 (gap=+0.0616). Some generalisation gap detected. Review interaction weights and consider adding more interaction data to reduce sparsity.
TRAIN,OVERALL,mrr,ALS Hybrid,0.0542,+0.1696,XGBoost,ACCEPTABLE GENERALISATION | Train P@5=0.0389 vs Test P@5=0.0113 (gap=+0.0276). Metrics are consistent across splits. Low absolute values are expected for sparse implicit feedback data.,MILD OVERFITTING | Train P@5=0.0861 vs Test P@5=0.0245 (gap=+0.0616). Some generalisation gap detected. Review interaction weights and consider adding more interaction data to reduce sparsity.
TRAIN,OVERALL,mrr,XGBoost Hybrid,0.2238,+0.1696,XGBoost,ACCEPTABLE GENERALISATION | Train P@5=0.0389 vs Test P@5=0.0113 (gap=+0.0276). Metrics are consistent across splits. Low absolute values are expected for sparse implicit feedback data.,MILD OVERFITTING | Train P@5=0.0861 vs Test P@5=0.0245 (gap=+0.0616). Some generalisation gap detected. Review interaction weights and consider adding more interaction data to reduce sparsity.
TRAIN,OVERALL,coverage_pct,ALS Hybrid,49.12,-15.0500,ALS,ACCEPTABLE GENERALISATION | Train P@5=0.0389 vs Test P@5=0.0113 (gap=+0.0276). Metrics are consistent across splits. Low absolute values are expected for sparse implicit feedback data.,MILD OVERFITTING | Train P@5=0.0861 vs Test P@5=0.0245 (gap=+0.0616). Some generalisation gap detected. Review interaction weights and consider adding more interaction data to reduce sparsity.
TRAIN,OVERALL,coverage_pct,XGBoost Hybrid,34.07,-15.0500,ALS,ACCEPTABLE GENERALISATION | Train P@5=0.0389 vs Test P@5=0.0113 (gap=+0.0276). Metrics are consistent across splits. Low absolute values are expected for sparse implicit feedback data.,MILD OVERFITTING | Train P@5=0.0861 vs Test P@5=0.0245 (gap=+0.0616). Some generalisation gap detected. Review interaction weights and consider adding more interaction data to reduce sparsity.
TRAIN,OVERALL,coverage_count,ALS Hybrid,111.0,-34.0000,ALS,ACCEPTABLE GENERALISATION | Train P@5=0.0389 vs Test P@5=0.0113 (gap=+0.0276). Metrics are consistent across splits. Low absolute values are expected for sparse implicit feedback data.,MILD OVERFITTING | Train P@5=0.0861 vs Test P@5=0.0245 (gap=+0.0616). Some generalisation gap detected. Review interaction weights and consider adding more interaction data to reduce sparsity.
TRAIN,OVERALL,coverage_count,XGBoost Hybrid,77.0,-34.0000,ALS,ACCEPTABLE GENERALISATION | Train P@5=0.0389 vs Test P@5=0.0113 (gap=+0.0276). Metrics are consistent across splits. Low absolute values are expected for sparse implicit feedback data.,MILD OVERFITTING | Train P@5=0.0861 vs Test P@5=0.0245 (gap=+0.0616). Some generalisation gap detected. Review interaction weights and consider adding more interaction data to reduce sparsity.
TRAIN,OVERALL,novelty,ALS Hybrid,1.6699,-0.6369,ALS,ACCEPTABLE GENERALISATION | Train P@5=0.0389 vs Test P@5=0.0113 (gap=+0.0276). Metrics are consistent across splits. Low absolute values are expected for sparse implicit feedback data.,MILD OVERFITTING | Train P@5=0.0861 vs Test P@5=0.0245 (gap=+0.0616). Some generalisation gap detected. Review interaction weights and consider adding more interaction data to reduce sparsity.
TRAIN,OVERALL,novelty,XGBoost Hybrid,1.033,-0.6369,ALS,ACCEPTABLE GENERALISATION | Train P@5=0.0389 vs Test P@5=0.0113 (gap=+0.0276). Metrics are consistent across splits. Low absolute values are expected for sparse implicit feedback data.,MILD OVERFITTING | Train P@5=0.0861 vs Test P@5=0.0245 (gap=+0.0616). Some generalisation gap detected. Review interaction weights and consider adding more interaction data to reduce sparsity.
TRAIN,OVERALL,users_evaluated,ALS Hybrid,72.0,+0.0000,Tie,ACCEPTABLE GENERALISATION | Train P@5=0.0389 vs Test P@5=0.0113 (gap=+0.0276). Metrics are consistent across splits. Low absolute values are expected for sparse implicit feedback data.,MILD OVERFITTING | Train P@5=0.0861 vs Test P@5=0.0245 (gap=+0.0616). Some generalisation gap detected. Review interaction weights and consider adding more interaction data to reduce sparsity.
TRAIN,OVERALL,users_evaluated,XGBoost Hybrid,72.0,+0.0000,Tie,ACCEPTABLE GENERALISATION | Train P@5=0.0389 vs Test P@5=0.0113 (gap=+0.0276). Metrics are consistent across splits. Low absolute values are expected for sparse implicit feedback data.,MILD OVERFITTING | Train P@5=0.0861 vs Test P@5=0.0245 (gap=+0.0616). Some generalisation gap detected. Review interaction weights and consider adding more interaction data to reduce sparsity.
TRAIN,REGISTERED,precision@5,ALS Hybrid,0.0407,+0.0576,XGBoost,ACCEPTABLE GENERALISATION | Train P@5=0.0389 vs Test P@5=0.0113 (gap=+0.0276). Metrics are consistent across splits. Low absolute values are expected for sparse implicit feedback data.,MILD OVERFITTING | Train P@5=0.0861 vs Test P@5=0.0245 (gap=+0.0616). Some generalisation gap detected. Review interaction weights and consider adding more interaction data to reduce sparsity.
TRAIN,REGISTERED,precision@5,XGBoost Hybrid,0.0983,+0.0576,XGBoost,ACCEPTABLE GENERALISATION | Train P@5=0.0389 vs Test P@5=0.0113 (gap=+0.0276). Metrics are consistent across splits. Low absolute values are expected for sparse implicit feedback data.,MILD OVERFITTING | Train P@5=0.0861 vs Test P@5=0.0245 (gap=+0.0616). Some generalisation gap detected. Review interaction weights and consider adding more interaction data to reduce sparsity.
TRAIN,REGISTERED,recall@5,ALS Hybrid,0.0335,+0.0518,XGBoost,ACCEPTABLE GENERALISATION | Train P@5=0.0389 vs Test P@5=0.0113 (gap=+0.0276). Metrics are consistent across splits. Low absolute values are expected for sparse implicit feedback data.,MILD OVERFITTING | Train P@5=0.0861 vs Test P@5=0.0245 (gap=+0.0616). Some generalisation gap detected. Review interaction weights and consider adding more interaction data to reduce sparsity.
TRAIN,REGISTERED,recall@5,XGBoost Hybrid,0.0853,+0.0518,XGBoost,ACCEPTABLE GENERALISATION | Train P@5=0.0389 vs Test P@5=0.0113 (gap=+0.0276). Metrics are consistent across splits. Low absolute values are expected for sparse implicit feedback data.,MILD OVERFITTING | Train P@5=0.0861 vs Test P@5=0.0245 (gap=+0.0616). Some generalisation gap detected. Review interaction weights and consider adding more interaction data to reduce sparsity.
TRAIN,REGISTERED,ndcg@5,ALS Hybrid,0.0347,+0.0913,XGBoost,ACCEPTABLE GENERALISATION | Train P@5=0.0389 vs Test P@5=0.0113 (gap=+0.0276). Metrics are consistent across splits. Low absolute values are expected for sparse implicit feedback data.,MILD OVERFITTING | Train P@5=0.0861 vs Test P@5=0.0245 (gap=+0.0616). Some generalisation gap detected. Review interaction weights and consider adding more interaction data to reduce sparsity.
TRAIN,REGISTERED,ndcg@5,XGBoost Hybrid,0.126,+0.0913,XGBoost,ACCEPTABLE GENERALISATION | Train P@5=0.0389 vs Test P@5=0.0113 (gap=+0.0276). Metrics are consistent across splits. Low absolute values are expected for sparse implicit feedback data.,MILD OVERFITTING | Train P@5=0.0861 vs Test P@5=0.0245 (gap=+0.0616). Some generalisation gap detected. Review interaction weights and consider adding more interaction data to reduce sparsity.
TRAIN,REGISTERED,mrr,ALS Hybrid,0.0492,+0.2070,XGBoost,ACCEPTABLE GENERALISATION | Train P@5=0.0389 vs Test P@5=0.0113 (gap=+0.0276). Metrics are consistent across splits. Low absolute values are expected for sparse implicit feedback data.,MILD OVERFITTING | Train P@5=0.0861 vs Test P@5=0.0245 (gap=+0.0616). Some generalisation gap detected. Review interaction weights and consider adding more interaction data to reduce sparsity.
TRAIN,REGISTERED,mrr,XGBoost Hybrid,0.2562,+0.2070,XGBoost,ACCEPTABLE GENERALISATION | Train P@5=0.0389 vs Test P@5=0.0113 (gap=+0.0276). Metrics are consistent across splits. Low absolute values are expected for sparse implicit feedback data.,MILD OVERFITTING | Train P@5=0.0861 vs Test P@5=0.0245 (gap=+0.0616). Some generalisation gap detected. Review interaction weights and consider adding more interaction data to reduce sparsity.
TRAIN,REGISTERED,coverage_pct,ALS Hybrid,48.67,-14.6000,ALS,ACCEPTABLE GENERALISATION | Train P@5=0.0389 vs Test P@5=0.0113 (gap=+0.0276). Metrics are consistent across splits. Low absolute values are expected for sparse implicit feedback data.,MILD OVERFITTING | Train P@5=0.0861 vs Test P@5=0.0245 (gap=+0.0616). Some generalisation gap detected. Review interaction weights and consider adding more interaction data to reduce sparsity.
TRAIN,REGISTERED,coverage_pct,XGBoost Hybrid,34.07,-14.6000,ALS,ACCEPTABLE GENERALISATION | Train P@5=0.0389 vs Test P@5=0.0113 (gap=+0.0276). Metrics are consistent across splits. Low absolute values are expected for sparse implicit feedback data.,MILD OVERFITTING | Train P@5=0.0861 vs Test P@5=0.0245 (gap=+0.0616). Some generalisation gap detected. Review interaction weights and consider adding more interaction data to reduce sparsity.
TRAIN,REGISTERED,coverage_count,ALS Hybrid,110.0,-33.0000,ALS,ACCEPTABLE GENERALISATION | Train P@5=0.0389 vs Test P@5=0.0113 (gap=+0.0276). Metrics are consistent across splits. Low absolute values are expected for sparse implicit feedback data.,MILD OVERFITTING | Train P@5=0.0861 vs Test P@5=0.0245 (gap=+0.0616). Some generalisation gap detected. Review interaction weights and consider adding more interaction data to reduce sparsity.
TRAIN,REGISTERED,coverage_count,XGBoost Hybrid,77.0,-33.0000,ALS,ACCEPTABLE GENERALISATION | Train P@5=0.0389 vs Test P@5=0.0113 (gap=+0.0276). Metrics are consistent across splits. Low absolute values are expected for sparse implicit feedback data.,MILD OVERFITTING | Train P@5=0.0861 vs Test P@5=0.0245 (gap=+0.0616). Some generalisation gap detected. Review interaction weights and consider adding more interaction data to reduce sparsity.
TRAIN,REGISTERED,novelty,ALS Hybrid,1.9969,-0.7772,ALS,ACCEPTABLE GENERALISATION | Train P@5=0.0389 vs Test P@5=0.0113 (gap=+0.0276). Metrics are consistent across splits. Low absolute values are expected for sparse implicit feedback data.,MILD OVERFITTING | Train P@5=0.0861 vs Test P@5=0.0245 (gap=+0.0616). Some generalisation gap detected. Review interaction weights and consider adding more interaction data to reduce sparsity.
TRAIN,REGISTERED,novelty,XGBoost Hybrid,1.2197,-0.7772,ALS,ACCEPTABLE GENERALISATION | Train P@5=0.0389 vs Test P@5=0.0113 (gap=+0.0276). Metrics are consistent across splits. Low absolute values are expected for sparse implicit feedback data.,MILD OVERFITTING | Train P@5=0.0861 vs Test P@5=0.0245 (gap=+0.0616). Some generalisation gap detected. Review interaction weights and consider adding more interaction data to reduce sparsity.
TRAIN,REGISTERED,users_evaluated,ALS Hybrid,59.0,+0.0000,Tie,ACCEPTABLE GENERALISATION | Train P@5=0.0389 vs Test P@5=0.0113 (gap=+0.0276). Metrics are consistent across splits. Low absolute values are expected for sparse implicit feedback data.,MILD OVERFITTING | Train P@5=0.0861 vs Test P@5=0.0245 (gap=+0.0616). Some generalisation gap detected. Review interaction weights and consider adding more interaction data to reduce sparsity.
TRAIN,REGISTERED,users_evaluated,XGBoost Hybrid,59.0,+0.0000,Tie,ACCEPTABLE GENERALISATION | Train P@5=0.0389 vs Test P@5=0.0113 (gap=+0.0276). Metrics are consistent across splits. Low absolute values are expected for sparse implicit feedback data.,MILD OVERFITTING | Train P@5=0.0861 vs Test P@5=0.0245 (gap=+0.0616). Some generalisation gap detected. Review interaction weights and consider adding more interaction data to reduce sparsity.
TRAIN,GUEST,precision@5,ALS Hybrid,0.0308,+0.0000,Tie,ACCEPTABLE GENERALISATION | Train P@5=0.0389 vs Test P@5=0.0113 (gap=+0.0276). Metrics are consistent across splits. Low absolute values are expected for sparse implicit feedback data.,MILD OVERFITTING | Train P@5=0.0861 vs Test P@5=0.0245 (gap=+0.0616). Some generalisation gap detected. Review interaction weights and consider adding more interaction data to reduce sparsity.
TRAIN,GUEST,precision@5,XGBoost Hybrid,0.0308,+0.0000,Tie,ACCEPTABLE GENERALISATION | Train P@5=0.0389 vs Test P@5=0.0113 (gap=+0.0276). Metrics are consistent across splits. Low absolute values are expected for sparse implicit feedback data.,MILD OVERFITTING | Train P@5=0.0861 vs Test P@5=0.0245 (gap=+0.0616). Some generalisation gap detected. Review interaction weights and consider adding more interaction data to reduce sparsity.
TRAIN,GUEST,recall@5,ALS Hybrid,0.0262,+0.0000,Tie,ACCEPTABLE GENERALISATION | Train P@5=0.0389 vs Test P@5=0.0113 (gap=+0.0276). Metrics are consistent across splits. Low absolute values are expected for sparse implicit feedback data.,MILD OVERFITTING | Train P@5=0.0861 vs Test P@5=0.0245 (gap=+0.0616). Some generalisation gap detected. Review interaction weights and consider adding more interaction data to reduce sparsity.
TRAIN,GUEST,recall@5,XGBoost Hybrid,0.0262,+0.0000,Tie,ACCEPTABLE GENERALISATION | Train P@5=0.0389 vs Test P@5=0.0113 (gap=+0.0276). Metrics are consistent across splits. Low absolute values are expected for sparse implicit feedback data.,MILD OVERFITTING | Train P@5=0.0861 vs Test P@5=0.0245 (gap=+0.0616). Some generalisation gap detected. Review interaction weights and consider adding more interaction data to reduce sparsity.
TRAIN,GUEST,ndcg@5,ALS Hybrid,0.0354,+0.0000,Tie,ACCEPTABLE GENERALISATION | Train P@5=0.0389 vs Test P@5=0.0113 (gap=+0.0276). Metrics are consistent across splits. Low absolute values are expected for sparse implicit feedback data.,MILD OVERFITTING | Train P@5=0.0861 vs Test P@5=0.0245 (gap=+0.0616). Some generalisation gap detected. Review interaction weights and consider adding more interaction data to reduce sparsity.
TRAIN,GUEST,ndcg@5,XGBoost Hybrid,0.0354,+0.0000,Tie,ACCEPTABLE GENERALISATION | Train P@5=0.0389 vs Test P@5=0.0113 (gap=+0.0276). Metrics are consistent across splits. Low absolute values are expected for sparse implicit feedback data.,MILD OVERFITTING | Train P@5=0.0861 vs Test P@5=0.0245 (gap=+0.0616). Some generalisation gap detected. Review interaction weights and consider adding more interaction data to reduce sparsity.
TRAIN,GUEST,mrr,ALS Hybrid,0.0769,+0.0000,Tie,ACCEPTABLE GENERALISATION | Train P@5=0.0389 vs Test P@5=0.0113 (gap=+0.0276). Metrics are consistent across splits. Low absolute values are expected for sparse implicit feedback data.,MILD OVERFITTING | Train P@5=0.0861 vs Test P@5=0.0245 (gap=+0.0616). Some generalisation gap detected. Review interaction weights and consider adding more interaction data to reduce sparsity.
TRAIN,GUEST,mrr,XGBoost Hybrid,0.0769,+0.0000,Tie,ACCEPTABLE GENERALISATION | Train P@5=0.0389 vs Test P@5=0.0113 (gap=+0.0276). Metrics are consistent across splits. Low absolute values are expected for sparse implicit feedback data.,MILD OVERFITTING | Train P@5=0.0861 vs Test P@5=0.0245 (gap=+0.0616). Some generalisation gap detected. Review interaction weights and consider adding more interaction data to reduce sparsity.
TRAIN,GUEST,coverage_pct,ALS Hybrid,2.21,+0.0000,Tie,ACCEPTABLE GENERALISATION | Train P@5=0.0389 vs Test P@5=0.0113 (gap=+0.0276). Metrics are consistent across splits. Low absolute values are expected for sparse implicit feedback data.,MILD OVERFITTING | Train P@5=0.0861 vs Test P@5=0.0245 (gap=+0.0616). Some generalisation gap detected. Review interaction weights and consider adding more interaction data to reduce sparsity.
TRAIN,GUEST,coverage_pct,XGBoost Hybrid,2.21,+0.0000,Tie,ACCEPTABLE GENERALISATION | Train P@5=0.0389 vs Test P@5=0.0113 (gap=+0.0276). Metrics are consistent across splits. Low absolute values are expected for sparse implicit feedback data.,MILD OVERFITTING | Train P@5=0.0861 vs Test P@5=0.0245 (gap=+0.0616). Some generalisation gap detected. Review interaction weights and consider adding more interaction data to reduce sparsity.
TRAIN,GUEST,coverage_count,ALS Hybrid,5.0,+0.0000,Tie,ACCEPTABLE GENERALISATION | Train P@5=0.0389 vs Test P@5=0.0113 (gap=+0.0276). Metrics are consistent across splits. Low absolute values are expected for sparse implicit feedback data.,MILD OVERFITTING | Train P@5=0.0861 vs Test P@5=0.0245 (gap=+0.0616). Some generalisation gap detected. Review interaction weights and consider adding more interaction data to reduce sparsity.
TRAIN,GUEST,coverage_count,XGBoost Hybrid,5.0,+0.0000,Tie,ACCEPTABLE GENERALISATION | Train P@5=0.0389 vs Test P@5=0.0113 (gap=+0.0276). Metrics are consistent across splits. Low absolute values are expected for sparse implicit feedback data.,MILD OVERFITTING | Train P@5=0.0861 vs Test P@5=0.0245 (gap=+0.0616). Some generalisation gap detected. Review interaction weights and consider adding more interaction data to reduce sparsity.
TRAIN,GUEST,novelty,ALS Hybrid,0.1855,+0.0000,Tie,ACCEPTABLE GENERALISATION | Train P@5=0.0389 vs Test P@5=0.0113 (gap=+0.0276). Metrics are consistent across splits. Low absolute values are expected for sparse implicit feedback data.,MILD OVERFITTING | Train P@5=0.0861 vs Test P@5=0.0245 (gap=+0.0616). Some generalisation gap detected. Review interaction weights and consider adding more interaction data to reduce sparsity.
TRAIN,GUEST,novelty,XGBoost Hybrid,0.1855,+0.0000,Tie,ACCEPTABLE GENERALISATION | Train P@5=0.0389 vs Test P@5=0.0113 (gap=+0.0276). Metrics are consistent across splits. Low absolute values are expected for sparse implicit feedback data.,MILD OVERFITTING | Train P@5=0.0861 vs Test P@5=0.0245 (gap=+0.0616). Some generalisation gap detected. Review interaction weights and consider adding more interaction data to reduce sparsity.
TRAIN,GUEST,users_evaluated,ALS Hybrid,13.0,+0.0000,Tie,ACCEPTABLE GENERALISATION | Train P@5=0.0389 vs Test P@5=0.0113 (gap=+0.0276). Metrics are consistent across splits. Low absolute values are expected for sparse implicit feedback data.,MILD OVERFITTING | Train P@5=0.0861 vs Test P@5=0.0245 (gap=+0.0616). Some generalisation gap detected. Review interaction weights and consider adding more interaction data to reduce sparsity.
TRAIN,GUEST,users_evaluated,XGBoost Hybrid,13.0,+0.0000,Tie,ACCEPTABLE GENERALISATION | Train P@5=0.0389 vs Test P@5=0.0113 (gap=+0.0276). Metrics are consistent across splits. Low absolute values are expected for sparse implicit feedback data.,MILD OVERFITTING | Train P@5=0.0861 vs Test P@5=0.0245 (gap=+0.0616). Some generalisation gap detected. Review interaction weights and consider adding more interaction data to reduce sparsity.
TEST,OVERALL,precision@5,ALS Hybrid,0.0113,+0.0132,XGBoost,ACCEPTABLE GENERALISATION | Train P@5=0.0389 vs Test P@5=0.0113 (gap=+0.0276). Metrics are consistent across splits. Low absolute values are expected for sparse implicit feedback data.,MILD OVERFITTING | Train P@5=0.0861 vs Test P@5=0.0245 (gap=+0.0616). Some generalisation gap detected. Review interaction weights and consider adding more interaction data to reduce sparsity.
TEST,OVERALL,precision@5,XGBoost Hybrid,0.0245,+0.0132,XGBoost,ACCEPTABLE GENERALISATION | Train P@5=0.0389 vs Test P@5=0.0113 (gap=+0.0276). Metrics are consistent across splits. Low absolute values are expected for sparse implicit feedback data.,MILD OVERFITTING | Train P@5=0.0861 vs Test P@5=0.0245 (gap=+0.0616). Some generalisation gap detected. Review interaction weights and consider adding more interaction data to reduce sparsity.
TEST,OVERALL,recall@5,ALS Hybrid,0.0519,+0.0589,XGBoost,ACCEPTABLE GENERALISATION | Train P@5=0.0389 vs Test P@5=0.0113 (gap=+0.0276). Metrics are consistent across splits. Low absolute values are expected for sparse implicit feedback data.,MILD OVERFITTING | Train P@5=0.0861 vs Test P@5=0.0245 (gap=+0.0616). Some generalisation gap detected. Review interaction weights and consider adding more interaction data to reduce sparsity.
TEST,OVERALL,recall@5,XGBoost Hybrid,0.1108,+0.0589,XGBoost,ACCEPTABLE GENERALISATION | Train P@5=0.0389 vs Test P@5=0.0113 (gap=+0.0276). Metrics are consistent across splits. Low absolute values are expected for sparse implicit feedback data.,MILD OVERFITTING | Train P@5=0.0861 vs Test P@5=0.0245 (gap=+0.0616). Some generalisation gap detected. Review interaction weights and consider adding more interaction data to reduce sparsity.
TEST,OVERALL,ndcg@5,ALS Hybrid,0.0295,+0.0351,XGBoost,ACCEPTABLE GENERALISATION | Train P@5=0.0389 vs Test P@5=0.0113 (gap=+0.0276). Metrics are consistent across splits. Low absolute values are expected for sparse implicit feedback data.,MILD OVERFITTING | Train P@5=0.0861 vs Test P@5=0.0245 (gap=+0.0616). Some generalisation gap detected. Review interaction weights and consider adding more interaction data to reduce sparsity.
TEST,OVERALL,ndcg@5,XGBoost Hybrid,0.0646,+0.0351,XGBoost,ACCEPTABLE GENERALISATION | Train P@5=0.0389 vs Test P@5=0.0113 (gap=+0.0276). Metrics are consistent across splits. Low absolute values are expected for sparse implicit feedback data.,MILD OVERFITTING | Train P@5=0.0861 vs Test P@5=0.0245 (gap=+0.0616). Some generalisation gap detected. Review interaction weights and consider adding more interaction data to reduce sparsity.
TEST,OVERALL,mrr,ALS Hybrid,0.0226,+0.0299,XGBoost,ACCEPTABLE GENERALISATION | Train P@5=0.0389 vs Test P@5=0.0113 (gap=+0.0276). Metrics are consistent across splits. Low absolute values are expected for sparse implicit feedback data.,MILD OVERFITTING | Train P@5=0.0861 vs Test P@5=0.0245 (gap=+0.0616). Some generalisation gap detected. Review interaction weights and consider adding more interaction data to reduce sparsity.
TEST,OVERALL,mrr,XGBoost Hybrid,0.0525,+0.0299,XGBoost,ACCEPTABLE GENERALISATION | Train P@5=0.0389 vs Test P@5=0.0113 (gap=+0.0276). Metrics are consistent across splits. Low absolute values are expected for sparse implicit feedback data.,MILD OVERFITTING | Train P@5=0.0861 vs Test P@5=0.0245 (gap=+0.0616). Some generalisation gap detected. Review interaction weights and consider adding more interaction data to reduce sparsity.
TEST,OVERALL,coverage_pct,ALS Hybrid,54.87,+9.2900,XGBoost,ACCEPTABLE GENERALISATION | Train P@5=0.0389 vs Test P@5=0.0113 (gap=+0.0276). Metrics are consistent across splits. Low absolute values are expected for sparse implicit feedback data.,MILD OVERFITTING | Train P@5=0.0861 vs Test P@5=0.0245 (gap=+0.0616). Some generalisation gap detected. Review interaction weights and consider adding more interaction data to reduce sparsity.
TEST,OVERALL,coverage_pct,XGBoost Hybrid,64.16,+9.2900,XGBoost,ACCEPTABLE GENERALISATION | Train P@5=0.0389 vs Test P@5=0.0113 (gap=+0.0276). Metrics are consistent across splits. Low absolute values are expected for sparse implicit feedback data.,MILD OVERFITTING | Train P@5=0.0861 vs Test P@5=0.0245 (gap=+0.0616). Some generalisation gap detected. Review interaction weights and consider adding more interaction data to reduce sparsity.
TEST,OVERALL,coverage_count,ALS Hybrid,124.0,+21.0000,XGBoost,ACCEPTABLE GENERALISATION | Train P@5=0.0389 vs Test P@5=0.0113 (gap=+0.0276). Metrics are consistent across splits. Low absolute values are expected for sparse implicit feedback data.,MILD OVERFITTING | Train P@5=0.0861 vs Test P@5=0.0245 (gap=+0.0616). Some generalisation gap detected. Review interaction weights and consider adding more interaction data to reduce sparsity.
TEST,OVERALL,coverage_count,XGBoost Hybrid,145.0,+21.0000,XGBoost,ACCEPTABLE GENERALISATION | Train P@5=0.0389 vs Test P@5=0.0113 (gap=+0.0276). Metrics are consistent across splits. Low absolute values are expected for sparse implicit feedback data.,MILD OVERFITTING | Train P@5=0.0861 vs Test P@5=0.0245 (gap=+0.0616). Some generalisation gap detected. Review interaction weights and consider adding more interaction data to reduce sparsity.
TEST,OVERALL,novelty,ALS Hybrid,1.5263,+1.0116,XGBoost,ACCEPTABLE GENERALISATION | Train P@5=0.0389 vs Test P@5=0.0113 (gap=+0.0276). Metrics are consistent across splits. Low absolute values are expected for sparse implicit feedback data.,MILD OVERFITTING | Train P@5=0.0861 vs Test P@5=0.0245 (gap=+0.0616). Some generalisation gap detected. Review interaction weights and consider adding more interaction data to reduce sparsity.
TEST,OVERALL,novelty,XGBoost Hybrid,2.5379,+1.0116,XGBoost,ACCEPTABLE GENERALISATION | Train P@5=0.0389 vs Test P@5=0.0113 (gap=+0.0276). Metrics are consistent across splits. Low absolute values are expected for sparse implicit feedback data.,MILD OVERFITTING | Train P@5=0.0861 vs Test P@5=0.0245 (gap=+0.0616). Some generalisation gap detected. Review interaction weights and consider adding more interaction data to reduce sparsity.
TEST,OVERALL,users_evaluated,ALS Hybrid,106.0,+0.0000,Tie,ACCEPTABLE GENERALISATION | Train P@5=0.0389 vs Test P@5=0.0113 (gap=+0.0276). Metrics are consistent across splits. Low absolute values are expected for sparse implicit feedback data.,MILD OVERFITTING | Train P@5=0.0861 vs Test P@5=0.0245 (gap=+0.0616). Some generalisation gap detected. Review interaction weights and consider adding more interaction data to reduce sparsity.
TEST,OVERALL,users_evaluated,XGBoost Hybrid,106.0,+0.0000,Tie,ACCEPTABLE GENERALISATION | Train P@5=0.0389 vs Test P@5=0.0113 (gap=+0.0276). Metrics are consistent across splits. Low absolute values are expected for sparse implicit feedback data.,MILD OVERFITTING | Train P@5=0.0861 vs Test P@5=0.0245 (gap=+0.0616). Some generalisation gap detected. Review interaction weights and consider adding more interaction data to reduce sparsity.
TEST,REGISTERED,precision@5,ALS Hybrid,0.0055,+0.0274,XGBoost,ACCEPTABLE GENERALISATION | Train P@5=0.0389 vs Test P@5=0.0113 (gap=+0.0276). Metrics are consistent across splits. Low absolute values are expected for sparse implicit feedback data.,MILD OVERFITTING | Train P@5=0.0861 vs Test P@5=0.0245 (gap=+0.0616). Some generalisation gap detected. Review interaction weights and consider adding more interaction data to reduce sparsity.
TEST,REGISTERED,precision@5,XGBoost Hybrid,0.0329,+0.0274,XGBoost,ACCEPTABLE GENERALISATION | Train P@5=0.0389 vs Test P@5=0.0113 (gap=+0.0276). Metrics are consistent across splits. Low absolute values are expected for sparse implicit feedback data.,MILD OVERFITTING | Train P@5=0.0861 vs Test P@5=0.0245 (gap=+0.0616). Some generalisation gap detected. Review interaction weights and consider adding more interaction data to reduce sparsity.
TEST,REGISTERED,recall@5,ALS Hybrid,0.0205,+0.1268,XGBoost,ACCEPTABLE GENERALISATION | Train P@5=0.0389 vs Test P@5=0.0113 (gap=+0.0276). Metrics are consistent across splits. Low absolute values are expected for sparse implicit feedback data.,MILD OVERFITTING | Train P@5=0.0861 vs Test P@5=0.0245 (gap=+0.0616). Some generalisation gap detected. Review interaction weights and consider adding more interaction data to reduce sparsity.
TEST,REGISTERED,recall@5,XGBoost Hybrid,0.1473,+0.1268,XGBoost,ACCEPTABLE GENERALISATION | Train P@5=0.0389 vs Test P@5=0.0113 (gap=+0.0276). Metrics are consistent across splits. Low absolute values are expected for sparse implicit feedback data.,MILD OVERFITTING | Train P@5=0.0861 vs Test P@5=0.0245 (gap=+0.0616). Some generalisation gap detected. Review interaction weights and consider adding more interaction data to reduce sparsity.
TEST,REGISTERED,ndcg@5,ALS Hybrid,0.0085,+0.0793,XGBoost,ACCEPTABLE GENERALISATION | Train P@5=0.0389 vs Test P@5=0.0113 (gap=+0.0276). Metrics are consistent across splits. Low absolute values are expected for sparse implicit feedback data.,MILD OVERFITTING | Train P@5=0.0861 vs Test P@5=0.0245 (gap=+0.0616). Some generalisation gap detected. Review interaction weights and consider adding more interaction data to reduce sparsity.
TEST,REGISTERED,ndcg@5,XGBoost Hybrid,0.0878,+0.0793,XGBoost,ACCEPTABLE GENERALISATION | Train P@5=0.0389 vs Test P@5=0.0113 (gap=+0.0276). Metrics are consistent across splits. Low absolute values are expected for sparse implicit feedback data.,MILD OVERFITTING | Train P@5=0.0861 vs Test P@5=0.0245 (gap=+0.0616). Some generalisation gap detected. Review interaction weights and consider adding more interaction data to reduce sparsity.
TEST,REGISTERED,mrr,ALS Hybrid,0.0055,+0.0673,XGBoost,ACCEPTABLE GENERALISATION | Train P@5=0.0389 vs Test P@5=0.0113 (gap=+0.0276). Metrics are consistent across splits. Low absolute values are expected for sparse implicit feedback data.,MILD OVERFITTING | Train P@5=0.0861 vs Test P@5=0.0245 (gap=+0.0616). Some generalisation gap detected. Review interaction weights and consider adding more interaction data to reduce sparsity.
TEST,REGISTERED,mrr,XGBoost Hybrid,0.0728,+0.0673,XGBoost,ACCEPTABLE GENERALISATION | Train P@5=0.0389 vs Test P@5=0.0113 (gap=+0.0276). Metrics are consistent across splits. Low absolute values are expected for sparse implicit feedback data.,MILD OVERFITTING | Train P@5=0.0861 vs Test P@5=0.0245 (gap=+0.0616). Some generalisation gap detected. Review interaction weights and consider adding more interaction data to reduce sparsity.
TEST,REGISTERED,coverage_pct,ALS Hybrid,54.42,+0.0000,Tie,ACCEPTABLE GENERALISATION | Train P@5=0.0389 vs Test P@5=0.0113 (gap=+0.0276). Metrics are consistent across splits. Low absolute values are expected for sparse implicit feedback data.,MILD OVERFITTING | Train P@5=0.0861 vs Test P@5=0.0245 (gap=+0.0616). Some generalisation gap detected. Review interaction weights and consider adding more interaction data to reduce sparsity.
TEST,REGISTERED,coverage_pct,XGBoost Hybrid,54.42,+0.0000,Tie,ACCEPTABLE GENERALISATION | Train P@5=0.0389 vs Test P@5=0.0113 (gap=+0.0276). Metrics are consistent across splits. Low absolute values are expected for sparse implicit feedback data.,MILD OVERFITTING | Train P@5=0.0861 vs Test P@5=0.0245 (gap=+0.0616). Some generalisation gap detected. Review interaction weights and consider adding more interaction data to reduce sparsity.
TEST,REGISTERED,coverage_count,ALS Hybrid,123.0,+0.0000,Tie,ACCEPTABLE GENERALISATION | Train P@5=0.0389 vs Test P@5=0.0113 (gap=+0.0276). Metrics are consistent across splits. Low absolute values are expected for sparse implicit feedback data.,MILD OVERFITTING | Train P@5=0.0861 vs Test P@5=0.0245 (gap=+0.0616). Some generalisation gap detected. Review interaction weights and consider adding more interaction data to reduce sparsity.
TEST,REGISTERED,coverage_count,XGBoost Hybrid,123.0,+0.0000,Tie,ACCEPTABLE GENERALISATION | Train P@5=0.0389 vs Test P@5=0.0113 (gap=+0.0276). Metrics are consistent across splits. Low absolute values are expected for sparse implicit feedback data.,MILD OVERFITTING | Train P@5=0.0861 vs Test P@5=0.0245 (gap=+0.0616). Some generalisation gap detected. Review interaction weights and consider adding more interaction data to reduce sparsity.
TEST,REGISTERED,novelty,ALS Hybrid,2.1324,+0.2895,XGBoost,ACCEPTABLE GENERALISATION | Train P@5=0.0389 vs Test P@5=0.0113 (gap=+0.0276). Metrics are consistent across splits. Low absolute values are expected for sparse implicit feedback data.,MILD OVERFITTING | Train P@5=0.0861 vs Test P@5=0.0245 (gap=+0.0616). Some generalisation gap detected. Review interaction weights and consider adding more interaction data to reduce sparsity.
TEST,REGISTERED,novelty,XGBoost Hybrid,2.4219,+0.2895,XGBoost,ACCEPTABLE GENERALISATION | Train P@5=0.0389 vs Test P@5=0.0113 (gap=+0.0276). Metrics are consistent across splits. Low absolute values are expected for sparse implicit feedback data.,MILD OVERFITTING | Train P@5=0.0861 vs Test P@5=0.0245 (gap=+0.0616). Some generalisation gap detected. Review interaction weights and consider adding more interaction data to reduce sparsity.
TEST,REGISTERED,users_evaluated,ALS Hybrid,73.0,+0.0000,Tie,ACCEPTABLE GENERALISATION | Train P@5=0.0389 vs Test P@5=0.0113 (gap=+0.0276). Metrics are consistent across splits. Low absolute values are expected for sparse implicit feedback data.,MILD OVERFITTING | Train P@5=0.0861 vs Test P@5=0.0245 (gap=+0.0616). Some generalisation gap detected. Review interaction weights and consider adding more interaction data to reduce sparsity.
TEST,REGISTERED,users_evaluated,XGBoost Hybrid,73.0,+0.0000,Tie,ACCEPTABLE GENERALISATION | Train P@5=0.0389 vs Test P@5=0.0113 (gap=+0.0276). Metrics are consistent across splits. Low absolute values are expected for sparse implicit feedback data.,MILD OVERFITTING | Train P@5=0.0861 vs Test P@5=0.0245 (gap=+0.0616). Some generalisation gap detected. Review interaction weights and consider adding more interaction data to reduce sparsity.
TEST,GUEST,precision@5,ALS Hybrid,0.0242,-0.0181,ALS,ACCEPTABLE GENERALISATION | Train P@5=0.0389 vs Test P@5=0.0113 (gap=+0.0276). Metrics are consistent across splits. Low absolute values are expected for sparse implicit feedback data.,MILD OVERFITTING | Train P@5=0.0861 vs Test P@5=0.0245 (gap=+0.0616). Some generalisation gap detected. Review interaction weights and consider adding more interaction data to reduce sparsity.
TEST,GUEST,precision@5,XGBoost Hybrid,0.0061,-0.0181,ALS,ACCEPTABLE GENERALISATION | Train P@5=0.0389 vs Test P@5=0.0113 (gap=+0.0276). Metrics are consistent across splits. Low absolute values are expected for sparse implicit feedback data.,MILD OVERFITTING | Train P@5=0.0861 vs Test P@5=0.0245 (gap=+0.0616). Some generalisation gap detected. Review interaction weights and consider adding more interaction data to reduce sparsity.
TEST,GUEST,recall@5,ALS Hybrid,0.1212,-0.0909,ALS,ACCEPTABLE GENERALISATION | Train P@5=0.0389 vs Test P@5=0.0113 (gap=+0.0276). Metrics are consistent across splits. Low absolute values are expected for sparse implicit feedback data.,MILD OVERFITTING | Train P@5=0.0861 vs Test P@5=0.0245 (gap=+0.0616). Some generalisation gap detected. Review interaction weights and consider adding more interaction data to reduce sparsity.
TEST,GUEST,recall@5,XGBoost Hybrid,0.0303,-0.0909,ALS,ACCEPTABLE GENERALISATION | Train P@5=0.0389 vs Test P@5=0.0113 (gap=+0.0276). Metrics are consistent across splits. Low absolute values are expected for sparse implicit feedback data.,MILD OVERFITTING | Train P@5=0.0861 vs Test P@5=0.0245 (gap=+0.0616). Some generalisation gap detected. Review interaction weights and consider adding more interaction data to reduce sparsity.
TEST,GUEST,ndcg@5,ALS Hybrid,0.0758,-0.0627,ALS,ACCEPTABLE GENERALISATION | Train P@5=0.0389 vs Test P@5=0.0113 (gap=+0.0276). Metrics are consistent across splits. Low absolute values are expected for sparse implicit feedback data.,MILD OVERFITTING | Train P@5=0.0861 vs Test P@5=0.0245 (gap=+0.0616). Some generalisation gap detected. Review interaction weights and consider adding more interaction data to reduce sparsity.
TEST,GUEST,ndcg@5,XGBoost Hybrid,0.0131,-0.0627,ALS,ACCEPTABLE GENERALISATION | Train P@5=0.0389 vs Test P@5=0.0113 (gap=+0.0276). Metrics are consistent across splits. Low absolute values are expected for sparse implicit feedback data.,MILD OVERFITTING | Train P@5=0.0861 vs Test P@5=0.0245 (gap=+0.0616). Some generalisation gap detected. Review interaction weights and consider adding more interaction data to reduce sparsity.
TEST,GUEST,mrr,ALS Hybrid,0.0606,-0.0530,ALS,ACCEPTABLE GENERALISATION | Train P@5=0.0389 vs Test P@5=0.0113 (gap=+0.0276). Metrics are consistent across splits. Low absolute values are expected for sparse implicit feedback data.,MILD OVERFITTING | Train P@5=0.0861 vs Test P@5=0.0245 (gap=+0.0616). Some generalisation gap detected. Review interaction weights and consider adding more interaction data to reduce sparsity.
TEST,GUEST,mrr,XGBoost Hybrid,0.0076,-0.0530,ALS,ACCEPTABLE GENERALISATION | Train P@5=0.0389 vs Test P@5=0.0113 (gap=+0.0276). Metrics are consistent across splits. Low absolute values are expected for sparse implicit feedback data.,MILD OVERFITTING | Train P@5=0.0861 vs Test P@5=0.0245 (gap=+0.0616). Some generalisation gap detected. Review interaction weights and consider adding more interaction data to reduce sparsity.
TEST,GUEST,coverage_pct,ALS Hybrid,2.21,+33.1900,XGBoost,ACCEPTABLE GENERALISATION | Train P@5=0.0389 vs Test P@5=0.0113 (gap=+0.0276). Metrics are consistent across splits. Low absolute values are expected for sparse implicit feedback data.,MILD OVERFITTING | Train P@5=0.0861 vs Test P@5=0.0245 (gap=+0.0616). Some generalisation gap detected. Review interaction weights and consider adding more interaction data to reduce sparsity.
TEST,GUEST,coverage_pct,XGBoost Hybrid,35.4,+33.1900,XGBoost,ACCEPTABLE GENERALISATION | Train P@5=0.0389 vs Test P@5=0.0113 (gap=+0.0276). Metrics are consistent across splits. Low absolute values are expected for sparse implicit feedback data.,MILD OVERFITTING | Train P@5=0.0861 vs Test P@5=0.0245 (gap=+0.0616). Some generalisation gap detected. Review interaction weights and consider adding more interaction data to reduce sparsity.
TEST,GUEST,coverage_count,ALS Hybrid,5.0,+75.0000,XGBoost,ACCEPTABLE GENERALISATION | Train P@5=0.0389 vs Test P@5=0.0113 (gap=+0.0276). Metrics are consistent across splits. Low absolute values are expected for sparse implicit feedback data.,MILD OVERFITTING | Train P@5=0.0861 vs Test P@5=0.0245 (gap=+0.0616). Some generalisation gap detected. Review interaction weights and consider adding more interaction data to reduce sparsity.
TEST,GUEST,coverage_count,XGBoost Hybrid,80.0,+75.0000,XGBoost,ACCEPTABLE GENERALISATION | Train P@5=0.0389 vs Test P@5=0.0113 (gap=+0.0276). Metrics are consistent across splits. Low absolute values are expected for sparse implicit feedback data.,MILD OVERFITTING | Train P@5=0.0861 vs Test P@5=0.0245 (gap=+0.0616). Some generalisation gap detected. Review interaction weights and consider adding more interaction data to reduce sparsity.
TEST,GUEST,novelty,ALS Hybrid,0.1855,+2.6088,XGBoost,ACCEPTABLE GENERALISATION | Train P@5=0.0389 vs Test P@5=0.0113 (gap=+0.0276). Metrics are consistent across splits. Low absolute values are expected for sparse implicit feedback data.,MILD OVERFITTING | Train P@5=0.0861 vs Test P@5=0.0245 (gap=+0.0616). Some generalisation gap detected. Review interaction weights and consider adding more interaction data to reduce sparsity.
TEST,GUEST,novelty,XGBoost Hybrid,2.7943,+2.6088,XGBoost,ACCEPTABLE GENERALISATION | Train P@5=0.0389 vs Test P@5=0.0113 (gap=+0.0276). Metrics are consistent across splits. Low absolute values are expected for sparse implicit feedback data.,MILD OVERFITTING | Train P@5=0.0861 vs Test P@5=0.0245 (gap=+0.0616). Some generalisation gap detected. Review interaction weights and consider adding more interaction data to reduce sparsity.
TEST,GUEST,users_evaluated,ALS Hybrid,33.0,+0.0000,Tie,ACCEPTABLE GENERALISATION | Train P@5=0.0389 vs Test P@5=0.0113 (gap=+0.0276). Metrics are consistent across splits. Low absolute values are expected for sparse implicit feedback data.,MILD OVERFITTING | Train P@5=0.0861 vs Test P@5=0.0245 (gap=+0.0616). Some generalisation gap detected. Review interaction weights and consider adding more interaction data to reduce sparsity.
TEST,GUEST,users_evaluated,XGBoost Hybrid,33.0,+0.0000,Tie,ACCEPTABLE GENERALISATION | Train P@5=0.0389 vs Test P@5=0.0113 (gap=+0.0276). Metrics are consistent across splits. Low absolute values are expected for sparse implicit feedback data.,MILD OVERFITTING | Train P@5=0.0861 vs Test P@5=0.0245 (gap=+0.0616). Some generalisation gap detected. Review interaction weights and consider adding more interaction data to reduce sparsity.
