"userid","usergender","userdob","ads","referralcode","usertype","userjoindate"
"3","w","1996-04-18","friends",NULL,"Student","2023-08-24 11:37:14"
"4","w","2004-07-03","instagram",NULL,"Student","2023-08-24 15:43:43"
"5","w","1999-11-03","searchengine",NULL,"Student","2023-08-24 20:41:03"
"6","w","2005-12-02","friends",NULL,"Student","2023-08-25 10:06:20"
"7","w","2002-06-18","instagram",NULL,"Student","2023-08-25 11:07:51"
"8","w","1995-08-29","searchengine",NULL,"Student","2023-08-26 03:41:59"
"9","w","1999-01-12","searchengine",NULL,"Student","2023-08-26 11:03:44"
"10","w","2000-11-17","instagram",NULL,"Student","2023-08-26 18:30:23"
"11","w","1999-10-05","instagram",NULL,"Student","2023-08-26 20:47:48"
"12","w","0000-00-00","searchengine",NULL,"Student","2023-08-28 15:16:03"
"13","w","1997-11-10","searchengine",NULL,"Student","2023-08-30 18:33:41"
"14","w","1998-06-09","friends",NULL,"Student","2023-09-01 11:22:14"
"15","w","2008-10-28","instagram",NULL,"Student","2023-09-01 14:54:58"
"16","w","2002-02-02","instagram",NULL,"Student","2023-09-01 17:09:44"
"17","w","2002-10-15","searchengine",NULL,"Student","2023-09-01 23:26:03"
"18","m","1999-04-08","instagram",NULL,"Student","2023-09-02 15:29:58"
"19","w","1982-02-26","searchengine",NULL,"Student","2023-09-02 23:13:55"
"20","w","2000-02-07","friends",NULL,"Student","2023-09-05 22:51:20"
"21","w","2009-12-16","instagram",NULL,"Student","2023-09-07 16:14:54"
"22","w","2002-02-28","friends",NULL,"Student","2023-09-09 17:49:08"
"23","w","2000-01-15","searchengine",NULL,"Student","2023-09-10 13:25:43"
"24","w","2001-08-26","searchengine",NULL,"Student","2023-09-10 21:36:55"
"25","m","2002-10-05","searchengine",NULL,"Student","2023-09-13 10:04:19"
"26","w","1990-11-10","friends",NULL,"Student","2023-09-15 16:13:32"
"27","w","2003-01-20","instagram",NULL,"Student","2023-09-16 16:39:27"
"28","w","2001-09-29","instagram",NULL,"Student","2023-09-17 02:26:25"
"29","w","2003-07-02","instagram",NULL,"Student","2023-09-18 17:53:47"
"30","w","2002-11-24","instagram",NULL,"Student","2023-09-18 20:59:34"
"31","w","2001-08-09","instagram",NULL,"Student","2023-09-22 15:31:31"
"32","w","1974-12-14","searchengine",NULL,"Student","2023-09-22 17:49:46"
"33","w","2004-05-04","instagram",NULL,"Student","2023-09-23 18:38:50"
"34","w","0000-00-00","searchengine",NULL,"Student","2023-09-26 23:37:56"
"35","w","2001-02-06","friends",NULL,"Student","2023-09-27 16:04:59"
"36","w","2002-01-14","friends",NULL,"Student","2023-09-27 16:10:09"
"37","w","1999-08-11","instagram",NULL,"Student","2023-09-28 02:40:21"
"38","w","2002-01-02","friends",NULL,"Student","2023-09-28 23:25:05"
"39","w","1999-09-23","instagram",NULL,"Student","2023-09-29 21:40:11"
"40","w","2003-12-10","searchengine",NULL,"Student","2023-09-30 16:17:53"
"41","w","2002-02-06","instagram",NULL,"Student","2023-10-01 17:51:58"
"42","w","2001-04-05","searchengine",NULL,"Student","2023-10-03 01:38:51"
"43","w","1991-03-30","friends",NULL,"Student","2023-10-04 21:23:20"
"44","w","2001-03-25","friends",NULL,"Student","2023-10-04 22:11:41"
"45","w","2004-08-03","searchengine",NULL,"Student","2023-10-05 19:50:14"
"47","w","2002-01-30","searchengine",NULL,"Student","2023-10-05 22:53:31"
"48","m","0000-00-00","friends",NULL,"Student","2023-10-08 10:34:29"
"49","w","1990-07-05","searchengine",NULL,"Student","2023-10-08 14:07:12"
"50","w","2003-11-06","instagram",NULL,"Student","2023-10-08 16:24:42"
"51","w","2010-12-20","friends",NULL,"Student","2023-10-08 18:04:53"
"52","w","0000-00-00","others",NULL,"Student","2023-10-09 09:52:02"
"53","w","1999-01-12","searchengine",NULL,"Student","2023-10-09 21:11:19"
"54","m","1998-11-09","instagram",NULL,"Student","2023-10-10 12:04:07"
"55","w","2000-06-24","friends",NULL,"Student","2023-10-10 16:30:00"
"56","w","0000-00-00","instagram",NULL,"Student","2023-10-11 00:10:07"
"57","w","1974-10-27","friends",NULL,"Student","2023-10-11 19:20:50"
"58","w","2004-10-15","friends",NULL,"Student","2023-10-13 15:49:42"
"59","w","1997-09-21","searchengine",NULL,"Student","2023-10-13 20:40:00"
"60","w","1997-01-29","searchengine",NULL,"Student","2023-10-14 17:32:19"
"61","m","2005-07-30","searchengine",NULL,"Student","2023-10-15 18:47:41"
"62","w","2003-06-02","friends",NULL,"Student","2023-10-16 02:35:51"
"63","w","2002-01-09","instagram",NULL,"Student","2023-10-16 14:17:26"
"64","w","0000-00-00","others",NULL,"Student","2023-10-16 15:44:51"
"65","w","2004-06-04","friends",NULL,"Student","2023-10-16 16:54:26"
"66","w","1999-05-11","others",NULL,"Student","2023-10-17 14:57:11"
"67","w","1997-10-09","instagram",NULL,"Student","2023-10-18 14:16:24"
"68","w","1998-07-30","friends",NULL,"Student","2023-10-20 15:26:00"
"69","w","2004-05-26","instagram",NULL,"Student","2023-10-20 22:27:06"
"70","w","2006-03-22","others",NULL,"Student","2023-10-21 10:45:19"
"71","w","2006-05-29","instagram",NULL,"Student","2023-10-21 15:50:07"
"72","w","2003-11-14","searchengine",NULL,"Student","2023-10-23 10:08:02"
"73","w","1995-11-23","searchengine",NULL,"Student","2023-10-23 13:40:22"
"74","w","2000-05-31","friends",NULL,"Student","2023-10-24 10:55:10"
"75","w","2000-06-24","instagram",NULL,"Student","2023-10-24 13:52:02"
"76","w","2003-04-23","searchengine",NULL,"Student","2023-10-25 15:21:15"
"77","w","2003-05-26","searchengine",NULL,"Student","2023-10-26 16:55:02"
"78","w","2003-03-21","instagram",NULL,"Student","2023-10-26 22:06:07"
"79","w","2010-04-10","instagram",NULL,"Student","2023-10-26 22:29:14"
"80","w","1998-05-25","instagram",NULL,"Student","2023-10-27 10:45:38"
"81","w","2010-12-28","instagram",NULL,"Student","2023-10-27 15:30:42"
"82","w","2006-08-16","searchengine",NULL,"Student","2023-10-28 19:22:34"
"83","w","2009-06-11","youtube",NULL,"Student","2023-10-29 17:43:23"
"84","w","1999-11-20","instagram",NULL,"Student","2023-10-30 13:50:14"
"85","w","2008-06-23","instagram",NULL,"Student","2023-10-30 18:33:33"
"86",,NULL,,NULL,"Student","2023-10-30 22:18:24"
"87","w","0000-00-00","instagram",NULL,"Student","2023-10-31 20:22:27"
"88","w","2005-06-12","searchengine",NULL,"Student","2023-11-02 01:27:46"
"89","w","2005-05-23","searchengine",NULL,"Student","2023-11-02 20:29:12"
"90","w","2008-04-12","tiktok",NULL,"Student","2023-11-02 20:31:21"
"91","w","2002-02-27","searchengine",NULL,"Student","2023-11-02 22:05:54"
"92","w","1991-01-29","instagram",NULL,"Student","2023-11-02 22:22:19"
"93","m","1991-09-07","searchengine",NULL,"Student","2023-11-02 22:49:55"
"94","w","2005-04-26","instagram",NULL,"Student","2023-11-02 23:22:51"
"95","w","0000-00-00","instagram",NULL,"Student","2023-11-03 01:52:48"
"96","w","2011-06-05","friends",NULL,"Student","2023-11-03 07:27:07"
"97","w","2008-05-20","searchengine",NULL,"Student","2023-11-04 09:06:59"
"98","w","2000-05-22","others",NULL,"Student","2023-11-04 17:33:20"
"99","w","0000-00-00","friends",NULL,"Student","2023-11-04 22:27:13"
"100","m","1993-10-28","others",NULL,"Student","2023-11-05 00:53:41"
"101","m","2001-09-12","instagram",NULL,"Student","2023-11-05 08:10:40"
"102","w","2002-03-27","instagram",NULL,"Student","2023-11-05 10:28:52"
"103","w","2003-11-30","instagram",NULL,"Student","2023-11-05 14:33:55"
"104","w","1999-06-13","instagram",NULL,"Student","2023-11-06 00:46:51"
"105","w","1999-09-30","instagram",NULL,"Student","2023-11-06 19:51:46"
"106","w","2000-11-02","instagram",NULL,"Student","2023-11-08 19:45:01"
"107","w","1997-03-20","instagram",NULL,"Student","2023-11-08 21:00:16"
"108","w","0000-00-00","searchengine",NULL,"Student","2023-11-09 11:04:47"
"109","w","1996-05-01","instagram",NULL,"Student","2023-11-09 11:12:04"
"110","w","1998-01-16","friends",NULL,"Student","2023-11-09 22:09:07"
"111","m","1997-11-25","others",NULL,"Student","2023-11-09 23:29:39"
"112","w","2000-07-13","instagram",NULL,"Student","2023-11-09 23:30:24"
"113","w","1990-06-25","searchengine",NULL,"Student","2023-11-11 12:13:31"
"114","w","2007-06-13","friends",NULL,"Student","2023-11-11 14:36:04"
"115","m","1990-07-10","instagram",NULL,"Student","2023-11-11 17:51:56"
"116","w","1994-04-26","searchengine",NULL,"Student","2023-11-11 19:24:56"
"117","w","2001-05-19","others",NULL,"Student","2023-11-11 20:43:49"
"118","w","2007-03-24","instagram",NULL,"Student","2023-11-11 20:46:28"
"119","w","0000-00-00","instagram",NULL,"Student","2023-11-12 09:27:29"
"120","w","0000-00-00","instagram",NULL,"Student","2023-11-12 11:39:08"
"121","w","2000-05-03","friends",NULL,"Student","2023-11-12 14:32:55"
"122","w","2001-10-27","instagram",NULL,"Student","2023-11-12 15:21:24"
"123","w","1999-06-13","instagram",NULL,"Student","2023-11-12 15:36:10"
"124","w","1997-08-07","friends",NULL,"Student","2023-11-12 23:04:52"
"125","w","2003-05-21","searchengine",,"Student","2023-11-14 01:01:51"
"126","w","2001-04-05","searchengine",,"Student","2023-11-14 21:06:27"
"127","w","1995-08-01","instagram",,"Student","2023-11-15 10:59:07"
"128","w","2002-05-20","instagram",,"Student","2023-11-15 11:48:32"
"129","w","1990-08-28","searchengine",,"Student","2023-11-15 13:03:25"
"130","w","2001-11-12","instagram",,"Student","2023-11-15 17:59:42"
"131","w","2000-08-04","instagram",,"Student","2023-11-15 19:43:55"
"132","w","2002-05-21","searchengine",,"Student","2023-11-15 22:41:46"
"133","w","2002-02-26","friends",,"Student","2023-11-16 00:39:40"
"134","m","1972-01-12","searchengine",,"Student","2023-11-16 05:59:19"
"135","w","1996-05-30","searchengine",,"Student","2023-11-17 15:13:12"
"136","m","1999-08-21","friends",,"Student","2023-11-17 15:54:04"
"137","w","1996-01-15","others",,"Student","2023-11-17 21:43:21"
"138","w","1997-07-10","searchengine",,"Student","2023-11-18 11:45:01"
"139","w","1986-06-29","instagram",,"Student","2023-11-18 14:51:09"
"140","w","2000-01-01","instagram",,"Student","2023-11-18 21:19:17"
"141","w","2002-03-14","searchengine","SE1 8YW","Student","2023-11-19 00:35:02"
"142","w","2002-05-08","instagram",,"Student","2023-11-19 15:23:38"
"143","w","2004-01-05","instagram",,"Student","2023-11-19 17:42:59"
"144","w","1990-07-30","instagram",,"Student","2023-11-19 20:54:40"
"145","w","1993-01-01","instagram",,"Student","2023-11-20 07:41:45"
"146","w","2002-01-10","instagram",,"Student","2023-11-20 13:16:02"
"147","w","1999-03-07","searchengine",,"Student","2023-11-21 23:18:27"
"148","w","2008-04-04","searchengine",,"Student","2023-11-22 21:13:40"
"149","w","2003-01-11","searchengine",,"Student","2023-11-22 22:35:43"
"150","w","1997-10-19","instagram",,"Student","2023-11-23 22:15:57"
"151","w","2007-02-26","searchengine",,"Student","2023-11-24 00:41:32"
"152","w","0000-00-00","friends",,"Student","2023-11-24 03:01:28"
"153","w","1993-02-09","instagram",,"Student","2023-11-24 06:17:09"
"154","w","2004-01-31","others",,"Student","2023-11-24 08:33:56"
"155","w","2006-01-29","instagram",,"Student","2023-11-24 18:49:25"
"156","w","2001-03-06","others",,"Student","2023-11-25 11:51:13"
"157","w","1998-09-02","friends",,"Student","2023-11-25 16:15:17"
"158","w","2005-08-25","instagram",,"Student","2023-11-25 20:42:40"
"159","m","1996-10-01","friends",,"Student","2023-11-25 22:35:28"
"160","w","1992-09-28","others",,"Student","2023-11-25 23:31:25"
"161","m","0000-00-00","instagram",,"Student","2023-11-26 00:26:53"
"162","m","1994-06-20","friends",,"Student","2023-11-26 12:34:33"
"163","w","0000-00-00","friends",,"Student","2023-11-26 15:31:04"
"164","w","1996-10-19","friends",,"Student","2023-11-26 15:40:47"
"165","w","2008-01-15","others",,"Student","2023-11-26 16:14:03"
"166","m","1998-01-15","friends","Susanna Liu! ","Student","2023-11-26 19:23:06"
"167","w","0000-00-00","instagram","flj1208793745","Student","2023-11-27 02:17:26"
"168","w","2005-06-27","others",,"Student","2023-11-27 11:23:38"
"169","w","1995-05-27","searchengine",,"Student","2023-11-27 12:01:02"
"170","w","1998-11-03","others",,"Student","2023-11-27 16:08:03"
"171","w","2007-08-09","searchengine",,"Student","2023-11-28 02:34:12"
"172","w","1994-05-08","searchengine",,"Student","2023-11-28 06:28:06"
"173","w","1995-09-20","searchengine",,"Student","2023-11-30 17:07:39"
"174","w","2006-09-22","instagram",,"Student","2023-12-01 19:45:12"
"175","w","1994-09-13","friends",,"Student","2023-12-02 02:15:01"
"176","w","2001-04-03","others","SW8 5FS","Student","2023-12-02 02:25:46"
"177","w","1999-05-01","searchengine",,"Student","2023-12-03 14:33:22"
"178","w","0000-00-00","friends",,"Student","2023-12-03 16:12:26"
"179","w","1999-01-29","searchengine",,"Student","2023-12-05 23:25:13"
"180","w","2005-06-13","friends",,"Student","2023-12-07 00:40:31"
"181","w","2005-06-13","friends",,"Student","2023-12-07 10:28:32"
"182","w","1995-10-16","searchengine",,"Student","2023-12-08 22:57:04"
"183","w","2006-11-21","instagram",,"Student","2023-12-09 19:54:44"
"184","w","0000-00-00","searchengine",,"Student","2023-12-10 04:07:49"
"186","w","2010-03-30","instagram",,"Student","2023-12-10 13:00:53"
"187","w","2003-04-07","instagram",,"Student","2023-12-10 17:42:23"
"188","w","1998-06-04","instagram",,"Student","2023-12-11 12:16:09"
"189","w","2000-06-28","searchengine",,"Student","2023-12-11 19:14:27"
"190","w","2000-04-11","friends",,"Student","2023-12-12 08:10:21"
"191","w","2007-05-05","searchengine",,"Student","2023-12-15 23:47:26"
"192","w","0000-00-00","instagram",,"Student","2023-12-16 01:31:18"
"193","w","1991-09-22","others",,"Student","2023-12-16 14:40:00"
"194","w","1998-08-02","searchengine",,"Student","2023-12-16 16:56:21"
"195","w","1998-03-11","others",,"Student","2023-12-16 16:59:02"
"196","w","2002-07-22","others",,"Student","2023-12-17 15:18:12"
"197","m","1998-04-30","instagram",,"Student","2023-12-20 01:35:07"
"198","m","1996-02-08","instagram",,"Student","2023-12-20 22:08:57"
"199","m","1992-11-24","searchengine",,"Student","2023-12-23 22:11:26"
"200","w","0000-00-00","instagram",,"Student","2023-12-25 14:38:37"
"201","w","1993-05-23","searchengine",,"Student","2023-12-25 23:43:14"
"202","w","0000-00-00","instagram",,"Student","2023-12-26 20:04:03"
"203","w","2007-11-08","instagram",,"Student","2023-12-28 11:35:34"
"204","w","0000-00-00","friends",,"Student","2023-12-28 14:59:19"
"205","w","0000-00-00","instagram",,"Student","2023-12-28 21:47:36"
"206","w","0000-00-00","searchengine",NULL,"Student","2023-09-26 23:37:56"
"207","w","2002-10-15","searchengine",NULL,"Student","2023-09-01 23:26:03"
"208","w","1998-05-25","instagram",NULL,"Student","2023-10-27 10:45:38"
"209","w","2000-02-07","friends",NULL,"Student","2023-09-05 22:51:20"
"210","w","2002-06-18","instagram",NULL,"Student","2023-08-25 11:07:51"
"211","w","2003-11-06","instagram",NULL,"Student","2023-10-08 16:24:42"
"212","w","2002-03-27","instagram",NULL,"Student","2023-11-05 10:28:52"
"213","w","2010-12-20","friends",NULL,"Student","2023-10-08 18:04:53"
"214","w","1997-01-29","searchengine",NULL,"Student","2023-10-14 17:32:19"
"215","w","2000-05-22","others",NULL,"Student","2023-11-04 17:33:20"
"216","w","2002-02-02","instagram",NULL,"Student","2023-09-01 17:09:44"
"217","w","1990-07-05","searchengine",NULL,"Student","2023-10-08 14:07:12"
"218","w","1996-04-18","friends",NULL,"Student","2023-08-24 11:37:14"
"219","w","1995-08-29","searchengine",NULL,"Student","2023-08-26 03:41:59"
"220","w","2005-06-12","searchengine",NULL,"Student","2023-11-02 01:27:46"
"221","w","2006-09-22","instagram",,"Student","2023-12-01 19:45:12"
"222","w","1999-01-12","searchengine",NULL,"Student","2023-10-09 21:11:19"
"223","w","1999-05-01","searchengine",,"Student","2023-12-03 14:33:22"
"224","w","2002-01-02","friends",NULL,"Student","2023-09-28 23:25:05"
"225","w","1974-12-14","searchengine",NULL,"Student","2023-09-22 17:49:46"
"226","w","2009-12-16","instagram",NULL,"Student","2023-09-07 16:14:54"
"227","w","1999-11-03","searchengine",NULL,"Student","2023-08-24 20:41:03"
"228","w","0000-00-00","searchengine",NULL,"Student","2023-08-28 15:16:03"
"229","w","1999-06-13","instagram",NULL,"Student","2023-11-12 15:36:10"
"230","w","0000-00-00","friends",,"Student","2023-11-24 03:01:28"
"231","w","2000-01-01","instagram",,"Student","2023-11-18 21:19:17"
"232","m","1972-01-12","searchengine",,"Student","2023-11-16 05:59:19"
"233","w","2001-05-19","others",NULL,"Student","2023-11-11 20:43:49"
"234","w","1986-06-29","instagram",,"Student","2023-11-18 14:51:09"
"235","w","1996-05-01","instagram",NULL,"Student","2023-11-09 11:12:04"
"236","w","1999-09-30","instagram",NULL,"Student","2023-11-06 19:51:46"
"237","w","1982-02-26","searchengine",NULL,"Student","2023-09-02 23:13:55"
"238","w","1990-11-10","friends",NULL,"Student","2023-09-15 16:13:32"
"239","w","1999-10-05","instagram",NULL,"Student","2023-08-26 20:47:48"
"240","w","1999-03-07","searchengine",,"Student","2023-11-21 23:18:27"
"241","w","2001-03-25","friends",NULL,"Student","2023-10-04 22:11:41"
"242","w","2005-08-25","instagram",,"Student","2023-11-25 20:42:40"
"243","w","2010-12-28","instagram",NULL,"Student","2023-10-27 15:30:42"
"244","w","0000-00-00","others",NULL,"Student","2023-10-09 09:52:02"
"245","w","1994-09-13","friends",,"Student","2023-12-02 02:15:01"
"246","w","2000-11-17","instagram",NULL,"Student","2023-08-26 18:30:23"
"247","w","2003-05-21","searchengine",,"Student","2023-11-14 01:01:51"
"248","w","1997-09-21","searchengine",NULL,"Student","2023-10-13 20:40:00"
"249","w","2003-06-02","friends",NULL,"Student","2023-10-16 02:35:51"
"250","w","2008-05-20","searchengine",NULL,"Student","2023-11-04 09:06:59"
"251","w","2000-08-04","instagram",,"Student","2023-11-15 19:43:55"
"252","w","1991-03-30","friends",NULL,"Student","2023-10-04 21:23:20"
"253","w","0000-00-00","instagram",,"Student","2023-12-16 01:31:18"
"254","w","2000-01-15","searchengine",NULL,"Student","2023-09-10 13:25:43"
"255","w","2003-11-14","searchengine",NULL,"Student","2023-10-23 10:08:02"
"256","w","1999-01-29","searchengine",,"Student","2023-12-05 23:25:13"
"257","w","2010-04-10","instagram",NULL,"Student","2023-10-26 22:29:14"
"258","w","1999-11-20","instagram",NULL,"Student","2023-10-30 13:50:14"
"259","w","2002-01-09","instagram",NULL,"Student","2023-10-16 14:17:26"
"260","w","2001-10-27","instagram",NULL,"Student","2023-11-12 15:21:24"
"261","w","2004-08-03","searchengine",NULL,"Student","2023-10-05 19:50:14"
"262","w","2003-11-30","instagram",NULL,"Student","2023-11-05 14:33:55"
"263","w","0000-00-00","instagram",NULL,"Student","2023-10-31 20:22:27"
"264","w","2003-01-11","searchengine",,"Student","2023-11-22 22:35:43"
"265","w","1993-02-09","instagram",,"Student","2023-11-24 06:17:09"
"266","w","2000-05-31","friends",NULL,"Student","2023-10-24 10:55:10"
"267","w","0000-00-00","instagram",NULL,"Student","2023-11-03 01:52:48"
"268","w","0000-00-00","friends",,"Student","2023-12-28 14:59:19"
"269","w","2003-05-26","searchengine",NULL,"Student","2023-10-26 16:55:02"
"270","w","2002-05-21","searchengine",,"Student","2023-11-15 22:41:46"
"271","w","1990-06-25","searchengine",NULL,"Student","2023-11-11 12:13:31"
"272","w","1996-05-30","searchengine",,"Student","2023-11-17 15:13:12"
"273","w","0000-00-00","others",NULL,"Student","2023-10-16 15:44:51"
"274","w","2006-03-22","others",NULL,"Student","2023-10-21 10:45:19"
"275","m","1990-07-10","instagram",NULL,"Student","2023-11-11 17:51:56"
"276","w","2002-01-14","friends",NULL,"Student","2023-09-27 16:10:09"
"277","w","2008-01-15","others",,"Student","2023-11-26 16:14:03"
"278","w","1993-01-01","instagram",,"Student","2023-11-20 07:41:45"
"279","w","2007-06-13","friends",NULL,"Student","2023-11-11 14:36:04"
"280","w","2001-08-26","searchengine",NULL,"Student","2023-09-10 21:36:55"
"281","w","2002-05-20","instagram",,"Student","2023-11-15 11:48:32"
"282","w","2003-04-23","searchengine",NULL,"Student","2023-10-25 15:21:15"
"283","w","1974-10-27","friends",NULL,"Student","2023-10-11 19:20:50"
"284","w","1998-06-09","friends",NULL,"Student","2023-09-01 11:22:14"
"285","w","2003-12-10","searchengine",NULL,"Student","2023-09-30 16:17:53"
"286","w","1999-05-11","others",NULL,"Student","2023-10-17 14:57:11"
"287","w","2000-11-02","instagram",NULL,"Student","2023-11-08 19:45:01"
"288","m","1999-08-21","friends",,"Student","2023-11-17 15:54:04"
"289","w","2001-08-09","instagram",NULL,"Student","2023-09-22 15:31:31"
"290","w","2004-01-05","instagram",,"Student","2023-11-19 17:42:59"
"291","w","0000-00-00","instagram",NULL,"Student","2023-10-11 00:10:07"
"292","w","1997-11-10","searchengine",NULL,"Student","2023-08-30 18:33:41"
"293","m","2005-07-30","searchengine",NULL,"Student","2023-10-15 18:47:41"
"294","w","2004-06-04","friends",NULL,"Student","2023-10-16 16:54:26"
"295","w","1996-10-19","friends",,"Student","2023-11-26 15:40:47"
"296","w","1999-06-13","instagram",NULL,"Student","2023-11-06 00:46:51"
"297","w","2002-01-30","searchengine",NULL,"Student","2023-10-05 22:53:31"
"298","w","1994-04-26","searchengine",NULL,"Student","2023-11-11 19:24:56"
"299","w","2003-07-02","instagram",NULL,"Student","2023-09-18 17:53:47"
"300","m","1998-11-09","instagram",NULL,"Student","2023-10-10 12:04:07"
"301","m","2001-09-12","instagram",NULL,"Student","2023-11-05 08:10:40"
"302","w","2001-02-06","friends",NULL,"Student","2023-09-27 16:04:59"
"303","w","0000-00-00","instagram","flj1208793745","Student","2023-11-27 02:17:26"
"304","w","0000-00-00","instagram",,"Student","2023-12-25 14:38:37"
"305","m","1998-04-30","instagram",,"Student","2023-12-20 01:35:07"
"306","w","1998-07-30","friends",NULL,"Student","2023-10-20 15:26:00"
"307","w","1997-10-09","instagram",NULL,"Student","2023-10-18 14:16:24"
"308","w","2005-06-13","friends",,"Student","2023-12-07 10:28:32"
"309","w","0000-00-00","instagram",NULL,"Student","2023-11-12 11:39:08"
"310","w","1997-07-10","searchengine",,"Student","2023-11-18 11:45:01"
"311","w","1990-08-28","searchengine",,"Student","2023-11-15 13:03:25"
"312","w","1995-11-23","searchengine",NULL,"Student","2023-10-23 13:40:22"
"313","w","0000-00-00","searchengine",,"Student","2023-12-10 04:07:49"
"314","w","2002-02-26","friends",,"Student","2023-11-16 00:39:40"
"315","w","2003-03-21","instagram",NULL,"Student","2023-10-26 22:06:07"
"316","w","1999-01-12","searchengine",NULL,"Student","2023-08-26 11:03:44"
"317","m","0000-00-00","friends",NULL,"Student","2023-10-08 10:34:29"
"318","w","2000-10-12","instagram",,"Student","2023-12-29 15:07:36"
"319","w","1999-09-22","searchengine",,"Student","2023-12-29 19:36:56"
"320","w","1998-01-23","friends",,"Student","2023-12-30 18:18:44"
"321","w","2006-03-01","searchengine",,"Student","2024-01-01 18:32:15"
"322","w","1995-04-20","searchengine",,"Student","2024-01-02 07:15:24"
"323","w","2005-10-02","searchengine",,"Student","2024-01-02 16:06:13"
"324","m","1986-06-05","friends",,"Student","2024-01-03 07:07:20"
"325","w","2003-01-20","instagram",,"Student","2024-01-03 11:22:43"
"326","w","2000-12-15","searchengine",,"Student","2024-01-04 23:48:41"
"327","w","2009-12-07","instagram",,"Student","2024-01-05 14:04:43"
"328","w","1988-08-08","others",,"Student","2024-01-06 07:56:15"
"329","w","1998-11-24","searchengine",,"Student","2024-01-06 16:59:37"
"330","w","1998-11-24","searchengine",,"Student","2024-01-06 17:00:32"
"331","w","1999-05-02","others",,"Student","2024-01-06 18:35:26"
"332","w","2009-08-24","instagram",,"Student","2024-01-06 19:44:37"
"333","w","1995-10-16","instagram",,"Student","2024-01-06 22:30:43"
"334","w","0000-00-00","friends",,"Student","2024-01-06 23:03:38"
"335","w","0000-00-00","searchengine",,"Student","2024-01-08 10:18:33"
"336","w","1997-10-22","instagram",,"Student","2024-01-08 10:20:29"
"337","w","1996-11-08","searchengine",,"Student","2024-01-08 10:42:22"
"338","w","0000-00-00","searchengine",,"Student","2024-01-09 11:43:43"
"339","w","2004-03-12","searchengine",,"Student","2024-01-09 22:59:17"
"340","w","1997-03-24","friends",,"Student","2024-01-10 14:00:19"
"341","m","2009-01-05","searchengine",,"Student","2024-01-10 22:42:21"
"342","w","1996-08-30","searchengine",,"Student","2024-01-11 21:35:52"
"343","w","2003-07-25","friends","weiss_0614","Student","2024-01-12 13:00:43"
"344","w","2002-07-04","instagram",,"Student","2024-01-13 09:22:59"
"345","m","1998-07-02","searchengine",,"Student","2024-01-13 18:30:58"
"346","w","0000-00-00","searchengine",,"Student","2024-01-13 21:39:11"
"347","w","2010-11-26","youtube",,"Student","2024-01-14 22:06:43"
"348","m","1999-08-15","searchengine",,"Student","2024-01-15 01:19:01"
"349","w","1992-02-16","others",,"Student","2024-01-15 17:45:02"
"350","w","1990-08-06","friends",,"Student","2024-01-15 21:01:14"
"351","w","1996-03-11","instagram",,"Student","2024-01-16 15:00:45"
"352","w","2001-08-13","instagram",,"Student","2024-01-16 15:12:42"
"353","w","1995-01-13","searchengine",,"Student","2024-01-17 17:16:54"
"354","w","2001-04-07","instagram",,"Student","2024-01-17 22:00:38"
"355","w","0000-00-00","searchengine",,"Student","2024-01-18 00:41:04"
"356","w","0000-00-00","friends",,"Student","2024-01-18 23:24:28"
"357","w","2008-12-20","friends",,"Student","2024-01-19 16:12:07"
"358","w","2001-10-15","instagram",,"Student","2024-01-20 11:41:24"
"359","w","2002-06-10","searchengine",,"Student","2024-01-20 15:44:28"
"360","w","0000-00-00","friends",,"Student","2024-01-20 18:52:30"
"361","w","1991-07-09","friends",,"Student","2024-01-22 01:02:33"
"362","w","2000-01-02","friends",,"Student","2024-01-22 10:09:22"
"363","w","0000-00-00","friends","abbypoonuk","Student","2024-01-22 19:36:09"
"364","m","1997-06-23","searchengine",,"Student","2024-01-22 19:42:40"
"365","m","1999-01-18","instagram",,"Student","2024-01-23 08:28:29"
"366","w","2000-07-25","searchengine",,"Student","2024-01-25 16:08:01"
"367","w","2002-06-10","searchengine",,"Student","2024-01-25 22:36:56"
"368","m","1994-06-05","others",,"Student","2024-01-26 01:54:05"
"369","w","2002-10-23","instagram",,"Student","2024-01-26 09:49:57"
"370","w","2009-07-06","searchengine",,"Student","2024-01-26 17:37:44"
"371","w","0000-00-00","friends",,"Student","2024-01-26 22:05:29"
"372","w","2001-07-29","friends",,"Student","2024-01-27 00:46:44"
"373","w","1989-09-05","friends",,"Student","2024-01-27 16:25:46"
"374","w","2001-09-05","instagram",,"Student","2024-01-27 19:07:04"
"375","w","2005-11-08","searchengine",,"Student","2024-01-27 22:33:18"
"376","w","0000-00-00","friends",,"Student","2024-01-28 18:30:33"
"377","w","0000-00-00","others",,"Student","2024-01-28 20:29:41"
"378","w","2009-07-10","searchengine",,"Student","2024-01-29 19:40:07"
"379","w","0000-00-00","others",,"Student","2024-01-30 14:03:06"
"380","w","2001-04-26","searchengine",,"Student","2024-01-31 21:59:33"
"381","w","2010-06-11","tiktok",,"Student","2024-02-01 16:18:11"
"382","m","2005-12-24","instagram",,"Student","2024-02-01 22:20:56"
"383","w","2009-11-06","searchengine",,"Student","2024-02-02 00:06:32"
"384","w","2002-06-18","instagram",,"Student","2024-02-02 14:33:22"
"385","w","2004-04-17","instagram",,"Student","2024-02-02 15:10:59"
"386","w","0000-00-00","instagram",,"Student","2024-02-02 19:36:56"
"387","w","1996-08-31","searchengine",,"Student","2024-02-02 22:31:06"
"388","w","2004-10-22","instagram",,"Student","2024-02-03 18:38:35"
"389","w","1986-12-01","searchengine",,"Student","2024-02-03 19:59:41"
"390","w","1991-02-26","searchengine",,"Student","2024-02-03 20:12:12"
"391","w","2001-08-19","friends",,"Student","2024-02-04 01:31:39"
"392","w","1994-01-29","friends",,"Student","2024-02-04 12:55:53"
"393","w","2002-05-23","instagram",,"Student","2024-02-04 14:56:57"
"394","w","1995-09-12","others",,"Student","2024-02-04 23:08:45"
"395","w","1990-11-23","instagram",,"Student","2024-02-05 03:33:10"
"396","w","1990-11-23","instagram",,"Student","2024-02-05 03:33:10"
"397","w","1994-05-25","searchengine",,"Student","2024-02-05 21:39:02"
"398","w","2003-12-08","instagram",,"Student","2024-02-05 22:39:23"
"399","w","0000-00-00","searchengine",,"Student","2024-02-07 21:34:57"
"400","m","1991-02-05","friends","nelag99","Student","2024-02-08 15:31:04"
"401","w","2006-01-08","instagram",,"Student","2024-02-09 13:42:34"
"402","w","2004-01-30","friends",,"Student","2024-02-09 20:23:58"
"403","w","0000-00-00","friends",,"Student","2024-02-10 10:38:34"
"404","w","2015-09-07","searchengine",,"Student","2024-02-10 17:16:25"
"405","w","2004-10-22","instagram",,"Student","2024-02-10 17:39:54"
"406","w","2006-08-01","instagram",,"Student","2024-02-10 19:52:16"
"407","w","2009-12-14","instagram",,"Student","2024-02-10 19:53:45"
"408","w","2002-01-10","instagram",,"Student","2024-02-10 22:18:12"
"409","w","1983-03-17","searchengine",,"Student","2024-02-11 21:05:23"
"410","m","1972-07-08","searchengine",,"Student","2024-02-12 10:53:56"
"411","m","2003-02-16","instagram",,"Student","2024-02-13 11:27:11"
"412","w","2000-04-04","searchengine",,"Student","2024-02-14 16:29:26"
"413","w","0000-00-00","instagram",,"Student","2024-02-15 10:43:27"
"414","w","1971-05-15","searchengine",,"Student","2024-02-16 17:30:46"
"415","w","0000-00-00","searchengine",,"Student","2024-02-16 23:36:50"
"416","w","2000-01-10","friends",,"Student","2024-02-17 11:49:59"
"417","w","1999-11-17","instagram",,"Student","2024-02-18 11:30:21"
"418","w","0000-00-00","instagram",,"Student","2024-02-19 17:48:37"
"419","w","0000-00-00","searchengine",,"Student","2024-02-20 00:50:57"
"420","w","1999-03-26","instagram",,"Student","2024-02-21 04:45:10"
"421","w","1999-03-26","searchengine",,"Student","2024-02-21 09:27:10"
"422","m","0000-00-00","instagram",,"Student","2024-02-21 15:58:39"
"423","m","1992-04-22","friends",,"Student","2024-02-22 13:20:55"
"424","w","2001-09-01","searchengine",,"Student","2024-02-23 10:45:19"
"425","w","0000-00-00","friends","andre.chan1","Student","2024-02-24 01:03:59"
"426","m","1995-01-01","searchengine",,"Student","2024-02-24 12:14:02"
"427","w","2001-02-07","instagram",,"Student","2024-02-24 20:10:51"
"428","w","2001-09-01","searchengine",,"Student","2024-02-25 15:17:37"
"429","w","2002-06-24","friends",,"Student","2024-02-25 22:04:17"
"430","w","0000-00-00","searchengine",,"Student","2024-02-25 22:37:15"
"431","w","2000-08-11","others",,"Student","2024-02-26 00:13:32"
"432","w","0000-00-00","instagram",,"Student","2024-02-26 00:49:10"
